id,first_name,last_name,full_name,email,gender,ip_address
1,Carroll,MacAiline,Carroll MacAiline,cmacailine0@ucla.edu,Male,157.41.10.116
2,Davine,Gemlett,Davine Gemlett,dgemlett1@bluehost.com,Female,97.219.18.122
3,Quintana,McLay,Quintana McLay,qmclay2@dmoz.org,Female,48.92.175.130
4,Bill,Mockford,Bill Mockford,bmockford3@cisco.com,Male,241.192.150.229
5,Theresina,Martinie,Theresina Martinie,tmartinie4@xrea.com,Female,174.164.123.17
6,Selestina,Saltmarsh,Selestina Saltmarsh,ssaltmarsh5@yelp.com,Female,232.238.34.104
7,Patty,Thon,Patty Thon,pthon6@rakuten.co.jp,Male,60.214.186.32
8,Josee,Brock,Josee Brock,jbrock7@chicagotribune.com,Female,126.120.25.68
9,Feodor,Sandercock,Feodor Sandercock,fsandercock8@mail.ru,Male,245.49.57.41
10,Fran,Graser,Fran Graser,fgraser9@unblog.fr,Female,18.141.184.17
11,Franny,Craigg,Franny Craigg,fcraigga@nbcnews.com,Female,126.162.5.161
12,Millisent,Vanyashkin,Millisent Vanyashkin,mvanyashkinb@hao123.com,Female,229.5.35.110
13,Coleen,Feuell,Coleen Feuell,cfeuellc@naver.com,Female,14.34.142.251
14,Rikki,Wraith,Rikki Wraith,rwraithd@biblegateway.com,Female,41.121.20.169
15,Karoly,Deporte,Karoly Deporte,kdeportee@nhs.uk,Female,63.78.76.61
16,Heddie,Handrick,Heddie Handrick,hhandrickf@ustream.tv,Female,72.42.229.104
17,Carolina,Cooke,Carolina Cooke,ccookeg@newyorker.com,Female,85.210.150.63
18,Christie,Kilbourn,Christie Kilbourn,ckilbournh@moonfruit.com,Male,224.225.191.165
19,Curtis,Werrett,Curtis Werrett,cwerretti@mashable.com,Male,191.247.27.191
20,Ham,McPhilemy,Ham McPhilemy,hmcphilemyj@istockphoto.com,Male,151.47.56.199
21,Shaw,Binfield,Shaw Binfield,sbinfieldk@technorati.com,Male,95.81.112.248
22,Bradford,Bursnall,Bradford Bursnall,bbursnalll@google.ru,Male,111.156.224.117
23,Marylou,Windrass,Marylou Windrass,mwindrassm@sbwire.com,Female,137.173.113.76
24,Vidovik,Dyte,Vidovik Dyte,vdyten@skyrock.com,Male,167.29.174.123
25,Kizzie,Spedroni,Kizzie Spedroni,kspedronio@latimes.com,Female,237.228.148.148
26,Krista,Brinkworth,Krista Brinkworth,kbrinkworthp@google.com.br,Female,67.146.252.136
27,Ameline,Penritt,Ameline Penritt,apenrittq@hugedomains.com,Female,175.25.237.168
28,Adelbert,Eadmeades,Adelbert Eadmeades,aeadmeadesr@time.com,Male,170.241.110.181
29,Birch,Benting,Birch Benting,bbentings@oakley.com,Male,173.124.212.33
30,Sam,Halloway,Sam Halloway,shallowayt@geocities.com,Female,170.18.40.143
31,Paule,Curley,Paule Curley,pcurleyu@twitpic.com,Female,49.111.245.176
32,Rube,Jancey,Rube Jancey,rjanceyv@oracle.com,Male,108.252.122.26
33,Holmes,Hepher,Holmes Hepher,hhepherw@etsy.com,Male,118.223.56.131
34,Fiona,Churchlow,Fiona Churchlow,fchurchlowx@noaa.gov,Female,206.230.35.111
35,Esther,Hallifax,Esther Hallifax,ehallifaxy@sbwire.com,Female,245.69.80.49
36,Johnnie,Godby,Johnnie Godby,jgodbyz@live.com,Male,21.99.16.14
37,Clarice,Tewkesberrie,Clarice Tewkesberrie,ctewkesberrie10@omniture.com,Female,76.179.22.158
38,Gregor,Rivaland,Gregor Rivaland,grivaland11@sun.com,Male,49.222.162.184
39,Zaneta,Michie,Zaneta Michie,zmichie12@newyorker.com,Female,56.243.155.116
40,Gale,Carbine,Gale Carbine,gcarbine13@bandcamp.com,Female,49.238.1.166
41,Dael,Faudrie,Dael Faudrie,dfaudrie14@ihg.com,Male,100.240.60.35
42,Graig,Wisham,Graig Wisham,gwisham15@dropbox.com,Male,180.149.6.199
43,Anni,Gallego,Anni Gallego,agallego16@twitpic.com,Female,231.57.163.27
44,Giulietta,Barnwell,Giulietta Barnwell,gbarnwell17@sphinn.com,Female,23.164.26.242
45,Bogart,Tomisch,Bogart Tomisch,btomisch18@yellowpages.com,Male,169.110.214.5
46,Orv,Glenn,Orv Glenn,oglenn19@examiner.com,Male,253.201.95.186
47,Lacee,Stanway,Lacee Stanway,lstanway1a@w3.org,Female,163.248.111.46
48,Anatol,Capponeer,Anatol Capponeer,acapponeer1b@slideshare.net,Male,132.87.154.161
49,L;urette,January 1st,L;urette January 1st,ljanuary1c@dell.com,Female,223.222.184.182
50,Candis,Filippello,Candis Filippello,cfilippello1d@foxnews.com,Female,32.117.95.105
51,Marketa,Poolton,Marketa Poolton,mpoolton1e@nasa.gov,Female,172.83.194.188
52,Fletch,Hinsch,Fletch Hinsch,fhinsch1f@latimes.com,Male,178.138.111.79
53,Waylen,Mathes,Waylen Mathes,wmathes1g@diigo.com,Male,193.228.61.19
54,Ripley,Andrag,Ripley Andrag,randrag1h@oracle.com,Male,163.103.252.136
55,Dorie,Vogeler,Dorie Vogeler,dvogeler1i@amazonaws.com,Male,65.181.254.152
56,Morris,Spindler,Morris Spindler,mspindler1j@macromedia.com,Male,44.128.218.84
57,Halie,Shewsmith,Halie Shewsmith,hshewsmith1k@nymag.com,Female,173.186.80.171
58,Dylan,Feldstern,Dylan Feldstern,dfeldstern1l@1688.com,Male,76.159.145.109
59,Dori,Ragsdale,Dori Ragsdale,dragsdale1m@sciencedirect.com,Female,177.12.192.160
60,Welch,Streat,Welch Streat,wstreat1n@gmpg.org,Male,252.227.45.215
61,Melessa,Rubi,Melessa Rubi,mrubi1o@merriam-webster.com,Female,53.34.227.241
62,Paton,Gallety,Paton Gallety,pgallety1p@rambler.ru,Male,109.34.118.117
63,Hersch,Delaney,Hersch Delaney,hdelaney1q@illinois.edu,Male,9.149.62.201
64,Winnah,Sterte,Winnah Sterte,wsterte1r@scientificamerican.com,Female,57.201.143.124
65,Else,Duffan,Else Duffan,eduffan1s@mail.ru,Female,201.203.219.11
66,Cobby,Biers,Cobby Biers,cbiers1t@upenn.edu,Male,28.82.88.129
67,Rey,Rooms,Rey Rooms,rrooms1u@fastcompany.com,Male,97.30.89.98
68,Sheila,Ralling,Sheila Ralling,sralling1v@senate.gov,Female,13.235.151.16
69,Bran,Wyborn,Bran Wyborn,bwyborn1w@prlog.org,Male,83.122.116.1
70,Ronalda,Waterstone,Ronalda Waterstone,rwaterstone1x@archive.org,Female,224.220.85.220
71,Gino,Nevill,Gino Nevill,gnevill1y@about.me,Male,236.11.5.153
72,Tybi,Pavey,Tybi Pavey,tpavey1z@scientificamerican.com,Female,142.223.67.54
73,Hilda,Roseblade,Hilda Roseblade,hroseblade20@seesaa.net,Female,219.218.2.170
74,Alexandro,Iddon,Alexandro Iddon,aiddon21@zdnet.com,Male,126.80.250.12
75,Jethro,Follows,Jethro Follows,jfollows22@tiny.cc,Male,84.110.23.135
76,Marcus,Heighton,Marcus Heighton,mheighton23@ehow.com,Male,182.173.76.17
77,Innis,Copo,Innis Copo,icopo24@cdc.gov,Male,255.239.201.133
78,Bernadina,Greenham,Bernadina Greenham,bgreenham25@t.co,Female,111.214.38.6
79,Felisha,Butchard,Felisha Butchard,fbutchard26@51.la,Female,82.142.254.161
80,Merwyn,Steele,Merwyn Steele,msteele27@hp.com,Male,132.17.57.84
81,Wallis,Lugsdin,Wallis Lugsdin,wlugsdin28@macromedia.com,Female,122.218.16.220
82,Den,Lukesch,Den Lukesch,dlukesch29@ehow.com,Male,215.226.6.167
83,Claiborne,Canadine,Claiborne Canadine,ccanadine2a@auda.org.au,Male,234.209.72.130
84,Kean,Gellier,Kean Gellier,kgellier2b@is.gd,Male,47.71.226.231
85,Babita,Trencher,Babita Trencher,btrencher2c@bravesites.com,Female,172.130.155.76
86,Melisse,D'Ruel,Melisse D'Ruel,mdruel2d@google.fr,Female,202.246.167.181
87,Vivyanne,Hadlington,Vivyanne Hadlington,vhadlington2e@seattletimes.com,Female,58.78.142.211
88,Dotty,Freke,Dotty Freke,dfreke2f@opensource.org,Female,160.206.151.171
89,Melvyn,Kundt,Melvyn Kundt,mkundt2g@forbes.com,Male,243.8.16.2
90,Lydia,Baumert,Lydia Baumert,lbaumert2h@cafepress.com,Female,14.117.255.187
91,Jerri,Seamen,Jerri Seamen,jseamen2i@vinaora.com,Male,0.124.164.248
92,Corrina,Regenhardt,Corrina Regenhardt,cregenhardt2j@wp.com,Female,48.183.127.170
93,Wyatan,Sephton,Wyatan Sephton,wsephton2k@state.tx.us,Male,50.3.221.201
94,Merv,Deere,Merv Deere,mdeere2l@webnode.com,Male,62.126.131.14
95,Alyss,Derycot,Alyss Derycot,aderycot2m@cbslocal.com,Female,48.133.26.36
96,Marne,Druett,Marne Druett,mdruett2n@w3.org,Female,154.2.194.131
97,Durward,Da Costa,Durward Da Costa,dda2o@columbia.edu,Male,162.121.218.85
98,Cahra,Georges,Cahra Georges,cgeorges2p@mysql.com,Female,180.237.117.54
99,Laney,O'Corhane,Laney O'Corhane,locorhane2q@weibo.com,Male,176.55.142.222
100,Seumas,Olesen,Seumas Olesen,solesen2r@mapy.cz,Male,138.73.198.50
101,Isa,Caldero,Isa Caldero,icaldero2s@walmart.com,Female,74.194.67.251
102,Caty,Pountain,Caty Pountain,cpountain2t@bizjournals.com,Female,121.115.183.112
103,Debra,Peverell,Debra Peverell,dpeverell2u@nytimes.com,Female,132.56.163.9
104,Winona,Handscomb,Winona Handscomb,whandscomb2v@addthis.com,Female,92.216.170.114
105,Ailis,Keech,Ailis Keech,akeech2w@naver.com,Female,114.228.140.53
106,Collen,Deeley,Collen Deeley,cdeeley2x@t.co,Female,121.109.123.189
107,Luce,Rahlof,Luce Rahlof,lrahlof2y@indiegogo.com,Male,121.112.147.216
108,Lyle,Feavers,Lyle Feavers,lfeavers2z@dot.gov,Male,41.173.49.238
109,Renato,Paulet,Renato Paulet,rpaulet30@photobucket.com,Male,2.157.244.219
110,Lotty,Gorcke,Lotty Gorcke,lgorcke31@spotify.com,Female,243.204.127.78
111,Chloris,Biss,Chloris Biss,cbiss32@pagesperso-orange.fr,Female,126.139.4.161
112,Gale,Evesque,Gale Evesque,gevesque33@wsj.com,Female,101.187.253.135
113,Ema,Ethridge,Ema Ethridge,eethridge34@moonfruit.com,Female,97.70.170.179
114,Chandal,McCleverty,Chandal McCleverty,cmccleverty35@earthlink.net,Female,78.201.164.217
115,Miguel,Pyecroft,Miguel Pyecroft,mpyecroft36@weebly.com,Male,89.30.18.180
116,Lorita,Bennis,Lorita Bennis,lbennis37@alibaba.com,Female,199.230.76.216
117,Baird,Leetham,Baird Leetham,bleetham38@yellowpages.com,Male,136.188.194.215
118,Victoir,Fisbey,Victoir Fisbey,vfisbey39@nba.com,Male,57.141.140.109
119,Saunderson,Agdahl,Saunderson Agdahl,sagdahl3a@microsoft.com,Male,45.230.207.174
120,Stefania,Halgarth,Stefania Halgarth,shalgarth3b@surveymonkey.com,Female,5.18.233.4
121,Brantley,Willans,Brantley Willans,bwillans3c@samsung.com,Male,111.136.72.78
122,D'arcy,Matyushenko,D'arcy Matyushenko,dmatyushenko3d@blogs.com,Male,43.251.170.83
123,Roseann,Samms,Roseann Samms,rsamms3e@storify.com,Female,12.168.47.157
124,Gusta,Willoughey,Gusta Willoughey,gwilloughey3f@cbc.ca,Female,26.51.23.42
125,Hedi,Shale,Hedi Shale,hshale3g@ca.gov,Female,216.41.182.6
126,Karim,Klagges,Karim Klagges,kklagges3h@skyrock.com,Male,102.44.79.73
127,Astrix,Will,Astrix Will,awill3i@europa.eu,Female,210.147.220.38
128,Iorgo,Micheau,Iorgo Micheau,imicheau3j@constantcontact.com,Male,232.166.27.6
129,Nessie,Pettifor,Nessie Pettifor,npettifor3k@bandcamp.com,Female,5.161.184.54
130,Claretta,Braime,Claretta Braime,cbraime3l@cnn.com,Female,61.138.11.101
131,Ichabod,Raulstone,Ichabod Raulstone,iraulstone3m@japanpost.jp,Male,106.12.68.72
132,Frederique,Breckon,Frederique Breckon,fbreckon3n@cnet.com,Female,57.226.90.139
133,Rosette,Park,Rosette Park,rpark3o@shop-pro.jp,Female,92.193.70.200
134,Maryl,Playford,Maryl Playford,mplayford3p@usda.gov,Female,173.240.223.14
135,Georges,Havik,Georges Havik,ghavik3q@blogtalkradio.com,Male,4.154.185.116
136,Gayle,Bowness,Gayle Bowness,gbowness3r@wired.com,Male,99.1.99.216
137,Aksel,d' Elboux,Aksel d' Elboux,ad3s@miibeian.gov.cn,Male,121.156.213.254
138,Ollie,Steggals,Ollie Steggals,osteggals3t@fda.gov,Male,25.9.246.156
139,Lorne,Riches,Lorne Riches,lriches3u@dropbox.com,Female,48.148.206.0
140,Moselle,Goodspeed,Moselle Goodspeed,mgoodspeed3v@arizona.edu,Female,22.29.169.44
141,Mindy,Writtle,Mindy Writtle,mwrittle3w@dion.ne.jp,Female,14.155.157.106
142,Franchot,Letts,Franchot Letts,fletts3x@qq.com,Male,5.184.175.219
143,Jennica,Blamphin,Jennica Blamphin,jblamphin3y@baidu.com,Female,40.32.22.100
144,Micki,Berrow,Micki Berrow,mberrow3z@ted.com,Female,22.97.176.105
145,Ermina,Segeswoeth,Ermina Segeswoeth,esegeswoeth40@cocolog-nifty.com,Female,240.215.197.115
146,Bathsheba,Vinden,Bathsheba Vinden,bvinden41@photobucket.com,Female,176.212.9.146
147,Ingelbert,Petegre,Ingelbert Petegre,ipetegre42@yellowbook.com,Male,191.225.65.105
148,Kira,Lackinton,Kira Lackinton,klackinton43@usda.gov,Female,210.74.161.136
149,Ham,Blomfield,Ham Blomfield,hblomfield44@dagondesign.com,Male,136.214.130.242
150,Dorey,Murricanes,Dorey Murricanes,dmurricanes45@harvard.edu,Female,19.203.18.97
151,Jane,Mylechreest,Jane Mylechreest,jmylechreest46@hibu.com,Female,105.123.124.150
152,Penny,Kunat,Penny Kunat,pkunat47@instagram.com,Female,27.154.176.182
153,Cristobal,Brazenor,Cristobal Brazenor,cbrazenor48@techcrunch.com,Male,227.183.64.108
154,Leeland,Ruecastle,Leeland Ruecastle,lruecastle49@msn.com,Male,219.12.102.110
155,Mireille,Landal,Mireille Landal,mlandal4a@livejournal.com,Female,104.35.143.84
156,Zacharie,Toffanelli,Zacharie Toffanelli,ztoffanelli4b@redcross.org,Male,89.204.152.104
157,Kinna,Juggins,Kinna Juggins,kjuggins4c@nbcnews.com,Female,25.190.96.86
158,Beck,Sambrok,Beck Sambrok,bsambrok4d@cloudflare.com,Male,203.158.82.97
159,Keen,Obington,Keen Obington,kobington4e@bbb.org,Male,27.191.234.224
160,Kellby,Jaffray,Kellby Jaffray,kjaffray4f@addthis.com,Male,251.154.194.104
161,Jordana,Lambertini,Jordana Lambertini,jlambertini4g@utexas.edu,Female,169.237.119.222
162,Jodi,Levett,Jodi Levett,jlevett4h@wikia.com,Female,153.134.45.156
163,Caterina,Spensley,Caterina Spensley,cspensley4i@tmall.com,Female,231.159.210.234
164,Rennie,Deacon,Rennie Deacon,rdeacon4j@ucoz.com,Female,203.249.106.163
165,Nikos,Gounin,Nikos Gounin,ngounin4k@chicagotribune.com,Male,129.136.123.114
166,Briano,Browse,Briano Browse,bbrowse4l@vimeo.com,Male,211.183.202.181
167,Samson,Zamboniari,Samson Zamboniari,szamboniari4m@1688.com,Male,96.157.57.138
168,Aylmer,Chirm,Aylmer Chirm,achirm4n@networkadvertising.org,Male,96.178.65.226
169,Darb,Kyllford,Darb Kyllford,dkyllford4o@reverbnation.com,Male,127.49.218.19
170,Rosa,Wodeland,Rosa Wodeland,rwodeland4p@va.gov,Female,76.220.190.144
171,Drucy,Tonkes,Drucy Tonkes,dtonkes4q@amazonaws.com,Female,188.104.6.199
172,Rodi,Prantoni,Rodi Prantoni,rprantoni4r@free.fr,Female,48.213.221.132
173,Norri,McCoish,Norri McCoish,nmccoish4s@earthlink.net,Female,163.95.19.165
174,Gregg,Shakespear,Gregg Shakespear,gshakespear4t@redcross.org,Male,103.132.237.195
175,Ferdinanda,Wadhams,Ferdinanda Wadhams,fwadhams4u@about.com,Female,161.201.31.197
176,Barry,Hughf,Barry Hughf,bhughf4v@xinhuanet.com,Male,64.200.30.241
177,Eddy,Canete,Eddy Canete,ecanete4w@vinaora.com,Male,200.23.196.92
178,Schuyler,Kirman,Schuyler Kirman,skirman4x@usgs.gov,Male,248.128.155.140
179,Trudy,McSporrin,Trudy McSporrin,tmcsporrin4y@acquirethisname.com,Female,158.32.151.68
180,Gaspard,Ferronier,Gaspard Ferronier,gferronier4z@skype.com,Male,68.169.201.54
181,Auria,Murdy,Auria Murdy,amurdy50@friendfeed.com,Female,239.1.177.184
182,Butch,Matignon,Butch Matignon,bmatignon51@tripadvisor.com,Male,172.86.143.122
183,Biron,Holcroft,Biron Holcroft,bholcroft52@issuu.com,Male,31.197.102.92
184,Dirk,Radley,Dirk Radley,dradley53@yolasite.com,Male,101.130.100.67
185,Caril,Chesworth,Caril Chesworth,cchesworth54@lycos.com,Female,89.182.1.50
186,Freda,Stanway,Freda Stanway,fstanway55@mail.ru,Female,113.237.163.238
187,Sansone,Trimmill,Sansone Trimmill,strimmill56@hhs.gov,Male,113.215.46.205
188,Nicky,Pawelek,Nicky Pawelek,npawelek57@flavors.me,Male,226.3.92.210
189,Jaquith,Jobey,Jaquith Jobey,jjobey58@usda.gov,Female,35.42.49.128
190,Merill,Sancroft,Merill Sancroft,msancroft59@ustream.tv,Male,140.137.40.237
191,Jennilee,McDirmid,Jennilee McDirmid,jmcdirmid5a@elegantthemes.com,Female,208.15.1.21
192,Sari,Embury,Sari Embury,sembury5b@usnews.com,Female,61.32.218.185
193,Pia,Caistor,Pia Caistor,pcaistor5c@disqus.com,Female,47.180.39.194
194,Florentia,Fumagallo,Florentia Fumagallo,ffumagallo5d@hubpages.com,Female,135.93.87.109
195,Doe,Gronaller,Doe Gronaller,dgronaller5e@un.org,Female,84.222.96.107
196,Devy,Bruno,Devy Bruno,dbruno5f@example.com,Male,193.3.222.171
197,Boigie,Everton,Boigie Everton,beverton5g@chicagotribune.com,Male,40.2.72.86
198,Moise,Vaadeland,Moise Vaadeland,mvaadeland5h@naver.com,Male,41.80.213.177
199,Richart,Jeffs,Richart Jeffs,rjeffs5i@live.com,Male,88.32.75.16
200,Ricki,Francillo,Ricki Francillo,rfrancillo5j@arstechnica.com,Male,125.144.75.31
201,Kali,Willison,Kali Willison,kwillison5k@yellowpages.com,Female,226.122.236.106
202,Codie,Schoenrock,Codie Schoenrock,cschoenrock5l@yellowpages.com,Female,43.38.225.204
203,Janice,Marsay,Janice Marsay,jmarsay5m@google.com,Female,210.151.165.4
204,Gard,Dennison,Gard Dennison,gdennison5n@twitter.com,Male,232.171.121.209
205,Munroe,Kynett,Munroe Kynett,mkynett5o@qq.com,Male,6.177.162.43
206,Henrietta,Lackemann,Henrietta Lackemann,hlackemann5p@sciencedirect.com,Female,109.70.72.38
207,Lauretta,Polino,Lauretta Polino,lpolino5q@nydailynews.com,Female,216.230.12.44
208,Muriel,Attawell,Muriel Attawell,mattawell5r@freewebs.com,Female,14.13.118.132
209,Adrien,Reace,Adrien Reace,areace5s@census.gov,Male,146.52.16.106
210,Maudie,Pidon,Maudie Pidon,mpidon5t@oakley.com,Female,16.155.154.234
211,Sophia,Polleye,Sophia Polleye,spolleye5u@naver.com,Female,175.64.207.82
212,Marline,Manshaw,Marline Manshaw,mmanshaw5v@toplist.cz,Female,168.42.42.92
213,Dorella,Schoenleiter,Dorella Schoenleiter,dschoenleiter5w@nifty.com,Female,140.74.152.253
214,Katrine,Stennine,Katrine Stennine,kstennine5x@clickbank.net,Female,105.146.188.10
215,Normie,Sandon,Normie Sandon,nsandon5y@skyrock.com,Male,184.113.9.209
216,Haleigh,Hamber,Haleigh Hamber,hhamber5z@fda.gov,Male,2.82.108.70
217,Morgun,Courteney,Morgun Courteney,mcourteney60@oracle.com,Male,20.79.150.229
218,Lorilyn,Huson,Lorilyn Huson,lhuson61@4shared.com,Female,87.221.72.135
219,Ned,Rainbird,Ned Rainbird,nrainbird62@wikispaces.com,Male,227.235.223.93
220,Sandye,Nowick,Sandye Nowick,snowick63@mayoclinic.com,Female,112.189.192.26
221,Minor,Delahunty,Minor Delahunty,mdelahunty64@liveinternet.ru,Male,211.175.86.171
222,Rayna,Sullly,Rayna Sullly,rsullly65@163.com,Female,174.79.96.32
223,Rozanne,Pomphrey,Rozanne Pomphrey,rpomphrey66@mayoclinic.com,Female,13.54.200.234
224,Chrisy,Kundert,Chrisy Kundert,ckundert67@mashable.com,Male,41.87.206.10
225,Elfrida,Rolf,Elfrida Rolf,erolf68@businessinsider.com,Female,158.232.22.181
226,Riordan,Vernalls,Riordan Vernalls,rvernalls69@com.com,Male,238.24.234.106
227,Henrieta,Berrycloth,Henrieta Berrycloth,hberrycloth6a@adobe.com,Female,232.60.60.90
228,Daven,Anfrey,Daven Anfrey,danfrey6b@blogspot.com,Male,146.124.198.146
229,Dannye,McGinn,Dannye McGinn,dmcginn6c@jimdo.com,Female,247.195.58.133
230,Storm,Stodart,Storm Stodart,sstodart6d@topsy.com,Female,14.222.8.146
231,Chantalle,McDavid,Chantalle McDavid,cmcdavid6e@webnode.com,Female,129.26.127.184
232,Henrietta,Gallimore,Henrietta Gallimore,hgallimore6f@aboutads.info,Female,237.76.167.215
233,Norean,Sivess,Norean Sivess,nsivess6g@zimbio.com,Female,176.232.70.64
234,Cos,Trout,Cos Trout,ctrout6h@github.io,Male,4.61.44.20
235,Cord,Durran,Cord Durran,cdurran6i@comcast.net,Male,115.170.114.66
236,Con,De Brett,Con De Brett,cde6j@google.es,Male,135.251.140.151
237,Britteny,Pigney,Britteny Pigney,bpigney6k@furl.net,Female,141.100.152.130
238,Pauli,Iban,Pauli Iban,piban6l@ezinearticles.com,Female,194.29.163.215
239,Davie,Beaty,Davie Beaty,dbeaty6m@soup.io,Male,19.25.22.157
240,Cathleen,Plascott,Cathleen Plascott,cplascott6n@bbc.co.uk,Female,46.32.121.237
241,Bartholomew,Schuster,Bartholomew Schuster,bschuster6o@lulu.com,Male,64.30.161.181
242,Worthy,Butland,Worthy Butland,wbutland6p@nationalgeographic.com,Male,31.224.40.6
243,Anton,Collcott,Anton Collcott,acollcott6q@comcast.net,Male,119.169.23.219
244,Jean,Andrzejowski,Jean Andrzejowski,jandrzejowski6r@yellowbook.com,Male,42.38.213.22
245,Pavel,Vannoni,Pavel Vannoni,pvannoni6s@domainmarket.com,Male,185.129.33.50
246,Shelley,Millen,Shelley Millen,smillen6t@liveinternet.ru,Male,160.91.97.9
247,Say,Reeken,Say Reeken,sreeken6u@hud.gov,Male,105.23.242.135
248,Meggie,Fasse,Meggie Fasse,mfasse6v@sitemeter.com,Female,225.118.12.55
249,Kayla,Howson,Kayla Howson,khowson6w@mail.ru,Female,59.188.41.84
250,Knox,Tommei,Knox Tommei,ktommei6x@vistaprint.com,Male,21.188.144.65
251,Robert,Bembrigg,Robert Bembrigg,rbembrigg6y@surveymonkey.com,Male,223.138.175.22
252,Marty,Shanahan,Marty Shanahan,mshanahan6z@flavors.me,Male,66.237.145.233
253,Hercules,Kenn,Hercules Kenn,hkenn70@usgs.gov,Male,184.186.154.68
254,Celka,Pleuman,Celka Pleuman,cpleuman71@engadget.com,Female,142.236.11.212
255,Thorn,Ostrich,Thorn Ostrich,tostrich72@geocities.com,Male,148.92.109.230
256,Harrietta,Rutigliano,Harrietta Rutigliano,hrutigliano73@sbwire.com,Female,195.211.154.102
257,Jean,Reyson,Jean Reyson,jreyson74@nyu.edu,Male,42.124.184.103
258,Eilis,Mompesson,Eilis Mompesson,emompesson75@yahoo.com,Female,81.81.114.71
259,Rey,Dodwell,Rey Dodwell,rdodwell76@mtv.com,Male,223.141.43.66
260,Demeter,Andrejevic,Demeter Andrejevic,dandrejevic77@howstuffworks.com,Female,195.67.40.177
261,Michele,Emmatt,Michele Emmatt,memmatt78@ibm.com,Male,99.139.227.52
262,Lennard,Sellars,Lennard Sellars,lsellars79@yahoo.com,Male,163.183.48.206
263,Lauritz,Joannic,Lauritz Joannic,ljoannic7a@privacy.gov.au,Male,96.116.35.182
264,Teena,Ladlow,Teena Ladlow,tladlow7b@networkadvertising.org,Female,144.93.124.106
265,Dillon,Hrinishin,Dillon Hrinishin,dhrinishin7c@home.pl,Male,119.91.52.115
266,Dominique,Huyge,Dominique Huyge,dhuyge7d@soup.io,Male,32.245.113.44
267,Augustus,Teague,Augustus Teague,ateague7e@odnoklassniki.ru,Male,182.174.217.14
268,Damian,Helgass,Damian Helgass,dhelgass7f@cnn.com,Male,118.239.232.230
269,Leonora,Pollard,Leonora Pollard,lpollard7g@geocities.jp,Female,97.225.240.28
270,Delmore,Blyth,Delmore Blyth,dblyth7h@jalbum.net,Male,158.55.218.96
271,Farrand,Sabberton,Farrand Sabberton,fsabberton7i@myspace.com,Female,153.105.56.180
272,Craig,Tubble,Craig Tubble,ctubble7j@redcross.org,Male,212.74.75.204
273,Celestia,Lissandre,Celestia Lissandre,clissandre7k@yahoo.com,Female,23.185.122.173
274,Nyssa,Rennie,Nyssa Rennie,nrennie7l@washington.edu,Female,32.78.154.17
275,Cherye,Greenslade,Cherye Greenslade,cgreenslade7m@networksolutions.com,Female,154.60.24.213
276,Gaspar,Webburn,Gaspar Webburn,gwebburn7n@mashable.com,Male,179.91.19.147
277,Miof mela,Bingle,Miof mela Bingle,mmela7o@mozilla.com,Female,76.54.91.82
278,Justen,Blune,Justen Blune,jblune7p@google.com.au,Male,72.207.34.111
279,Thea,Pickston,Thea Pickston,tpickston7q@jimdo.com,Female,199.95.86.84
280,Langsdon,Saphin,Langsdon Saphin,lsaphin7r@4shared.com,Male,56.151.24.245
281,Fitzgerald,Jorissen,Fitzgerald Jorissen,fjorissen7s@nsw.gov.au,Male,34.46.224.190
282,Regan,Dyerson,Regan Dyerson,rdyerson7t@webs.com,Male,22.40.112.236
283,Tye,Chastenet,Tye Chastenet,tchastenet7u@flavors.me,Male,125.15.95.165
284,Hollis,Lefeaver,Hollis Lefeaver,hlefeaver7v@aboutads.info,Male,251.107.232.7
285,Barbabas,Dommersen,Barbabas Dommersen,bdommersen7w@ebay.com,Male,174.28.184.208
286,Pia,Prall,Pia Prall,pprall7x@blinklist.com,Female,14.234.238.150
287,Benoite,Amdohr,Benoite Amdohr,bamdohr7y@about.com,Female,26.61.109.154
288,Agace,Hawker,Agace Hawker,ahawker7z@woothemes.com,Female,37.216.207.170
289,Cassaundra,Finlater,Cassaundra Finlater,cfinlater80@apple.com,Female,37.100.83.234
290,Amye,Southcoat,Amye Southcoat,asouthcoat81@cnbc.com,Female,252.188.36.65
291,Debera,Arney,Debera Arney,darney82@instagram.com,Female,20.160.156.81
292,Winn,Cogman,Winn Cogman,wcogman83@spotify.com,Male,255.40.129.145
293,Catha,Habeshaw,Catha Habeshaw,chabeshaw84@ucsd.edu,Female,130.103.104.44
294,Nils,Staves,Nils Staves,nstaves85@imgur.com,Male,220.70.165.187
295,Averil,McWard,Averil McWard,amcward86@163.com,Female,227.39.158.183
296,Evita,Muddle,Evita Muddle,emuddle87@shinystat.com,Female,251.230.97.113
297,Damara,Matisse,Damara Matisse,dmatisse88@fema.gov,Female,67.204.107.84
298,Corinna,Todman,Corinna Todman,ctodman89@issuu.com,Female,203.198.130.87
299,Seline,Probert,Seline Probert,sprobert8a@last.fm,Female,148.102.201.225
300,Keith,Akid,Keith Akid,kakid8b@mlb.com,Male,120.28.246.85
301,Cara,Hagstone,Cara Hagstone,chagstone8c@cloudflare.com,Female,222.130.177.38
302,Clifford,Hobson,Clifford Hobson,chobson8d@networksolutions.com,Male,244.128.13.92
303,Lenore,Eldred,Lenore Eldred,leldred8e@cafepress.com,Female,153.213.110.89
304,Basilio,Nicklen,Basilio Nicklen,bnicklen8f@cafepress.com,Male,91.244.169.201
305,Ally,Cardenas,Ally Cardenas,acardenas8g@amazon.co.jp,Female,203.231.126.203
306,Shannon,Albert,Shannon Albert,salbert8h@blogs.com,Female,175.189.40.0
307,Shir,Stalley,Shir Stalley,sstalley8i@ftc.gov,Female,84.235.13.92
308,Lorena,Shoubridge,Lorena Shoubridge,lshoubridge8j@canalblog.com,Female,68.8.135.91
309,Towney,Augustine,Towney Augustine,taugustine8k@shinystat.com,Male,3.112.87.125
310,Adolphus,Gantzer,Adolphus Gantzer,agantzer8l@hud.gov,Male,129.44.30.18
311,Georgena,Chesnut,Georgena Chesnut,gchesnut8m@umn.edu,Female,176.217.101.162
312,Nessi,Dutson,Nessi Dutson,ndutson8n@purevolume.com,Female,209.140.88.14
313,Hunter,Deetlefs,Hunter Deetlefs,hdeetlefs8o@biblegateway.com,Male,135.162.159.104
314,Phillipe,Schimke,Phillipe Schimke,pschimke8p@hibu.com,Male,233.193.225.228
315,Ginger,Odgaard,Ginger Odgaard,godgaard8q@kickstarter.com,Female,147.112.172.234
316,Elvyn,Foxley,Elvyn Foxley,efoxley8r@adobe.com,Male,174.170.115.188
317,Garner,Carlens,Garner Carlens,gcarlens8s@vk.com,Male,239.220.119.38
318,Marve,Postan,Marve Postan,mpostan8t@usa.gov,Male,221.224.15.14
319,Cam,Tivers,Cam Tivers,ctivers8u@tinyurl.com,Female,13.100.21.160
320,Liza,Fronczak,Liza Fronczak,lfronczak8v@i2i.jp,Female,40.147.116.68
321,Shepperd,Gerrell,Shepperd Gerrell,sgerrell8w@nps.gov,Male,53.147.207.252
322,Gradey,Dulin,Gradey Dulin,gdulin8x@technorati.com,Male,48.151.30.16
323,Englebert,Alloisi,Englebert Alloisi,ealloisi8y@admin.ch,Male,249.232.216.66
324,Brigg,McCleod,Brigg McCleod,bmccleod8z@weebly.com,Male,230.63.156.6
325,Dorice,Arsmith,Dorice Arsmith,darsmith90@spiegel.de,Female,13.133.47.85
326,Sapphire,Fazan,Sapphire Fazan,sfazan91@ow.ly,Female,255.220.29.181
327,Juliann,Parbrook,Juliann Parbrook,jparbrook92@virginia.edu,Female,74.40.15.48
328,Packston,Hardesty,Packston Hardesty,phardesty93@spiegel.de,Male,144.87.103.160
329,Kev,Raggatt,Kev Raggatt,kraggatt94@adobe.com,Male,201.118.39.40
330,Ruy,Duke,Ruy Duke,rduke95@blogtalkradio.com,Male,96.96.197.99
331,Brandea,Longstaffe,Brandea Longstaffe,blongstaffe96@spiegel.de,Female,84.59.194.68
332,Lindy,Franzewitch,Lindy Franzewitch,lfranzewitch97@google.nl,Female,167.122.108.134
333,Albertina,Bryer,Albertina Bryer,abryer98@domainmarket.com,Female,87.134.237.3
334,Freemon,Rubel,Freemon Rubel,frubel99@storify.com,Male,72.115.128.85
335,Cchaddie,Belchambers,Cchaddie Belchambers,cbelchambers9a@loc.gov,Male,158.61.202.114
336,Tessy,Datte,Tessy Datte,tdatte9b@tamu.edu,Female,208.4.46.207
337,Maynard,Biffen,Maynard Biffen,mbiffen9c@alibaba.com,Male,192.135.176.121
338,Gerta,Matysik,Gerta Matysik,gmatysik9d@illinois.edu,Female,138.189.205.123
339,Ilyse,Dawley,Ilyse Dawley,idawley9e@nps.gov,Female,246.6.223.27
340,Serge,Sander,Serge Sander,ssander9f@blogs.com,Male,33.128.28.100
341,Zorina,Penchen,Zorina Penchen,zpenchen9g@dmoz.org,Female,239.243.58.150
342,Claudius,Sinyard,Claudius Sinyard,csinyard9h@google.pl,Male,208.3.211.126
343,Cly,Flippini,Cly Flippini,cflippini9i@privacy.gov.au,Male,206.45.126.81
344,Orelle,Robrow,Orelle Robrow,orobrow9j@creativecommons.org,Female,228.90.235.179
345,Ariana,Anglish,Ariana Anglish,aanglish9k@va.gov,Female,216.29.36.74
346,Fonz,Sedwick,Fonz Sedwick,fsedwick9l@netlog.com,Male,122.207.149.46
347,Wendall,Bycraft,Wendall Bycraft,wbycraft9m@scientificamerican.com,Male,22.226.31.172
348,Ginnie,Bracci,Ginnie Bracci,gbracci9n@linkedin.com,Female,204.186.65.40
349,Cesaro,Ribeiro,Cesaro Ribeiro,cribeiro9o@nps.gov,Male,106.211.130.243
350,Nerissa,Pechacek,Nerissa Pechacek,npechacek9p@mapy.cz,Female,49.104.152.82
351,Red,Brewett,Red Brewett,rbrewett9q@wufoo.com,Male,43.34.186.170
352,Duffie,Pounds,Duffie Pounds,dpounds9r@theatlantic.com,Male,220.90.80.194
353,Jessi,Nast,Jessi Nast,jnast9s@artisteer.com,Female,108.58.198.169
354,Olivette,Wisher,Olivette Wisher,owisher9t@quantcast.com,Female,146.174.181.234
355,Jenna,Cullrford,Jenna Cullrford,jcullrford9u@lycos.com,Female,175.85.245.145
356,Gustave,Boanas,Gustave Boanas,gboanas9v@digg.com,Male,205.173.62.64
357,Antoni,Tremayle,Antoni Tremayle,atremayle9w@loc.gov,Male,98.108.242.158
358,Orelia,Phifer,Orelia Phifer,ophifer9x@123-reg.co.uk,Female,150.93.88.141
359,Amata,Gaskins,Amata Gaskins,agaskins9y@pbs.org,Female,142.47.224.12
360,Craggy,Filyakov,Craggy Filyakov,cfilyakov9z@mapy.cz,Male,162.51.15.235
361,Martica,Ayce,Martica Ayce,maycea0@tripod.com,Female,117.147.182.196
362,Felike,MacGraith,Felike MacGraith,fmacgraitha1@wikimedia.org,Male,150.182.96.84
363,Flem,Rzehorz,Flem Rzehorz,frzehorza2@google.nl,Male,170.130.96.129
364,Casey,McElhinney,Casey McElhinney,cmcelhinneya3@newyorker.com,Male,203.23.23.224
365,Eal,Jurges,Eal Jurges,ejurgesa4@upenn.edu,Male,176.194.195.182
366,Salvidor,Dedam,Salvidor Dedam,sdedama5@cbc.ca,Male,229.243.253.43
367,Hewitt,Pechacek,Hewitt Pechacek,hpechaceka6@biglobe.ne.jp,Male,209.218.132.160
368,Renaldo,Boxall,Renaldo Boxall,rboxalla7@about.com,Male,190.80.212.46
369,Graehme,Toffalo,Graehme Toffalo,gtoffaloa8@wix.com,Male,160.137.68.67
370,Kliment,Bart,Kliment Bart,kbarta9@mapquest.com,Male,24.212.215.200
371,Tanitansy,Matevushev,Tanitansy Matevushev,tmatevushevaa@mtv.com,Female,24.247.83.167
372,Dael,Folkerd,Dael Folkerd,dfolkerdab@booking.com,Male,152.56.27.38
373,Tracey,Christescu,Tracey Christescu,tchristescuac@army.mil,Male,88.152.248.228
374,Chaunce,Leamon,Chaunce Leamon,cleamonad@newyorker.com,Male,222.158.78.142
375,Agneta,Aveyard,Agneta Aveyard,aaveyardae@blogger.com,Female,102.131.162.92
376,Jesus,Leivers,Jesus Leivers,jleiversaf@booking.com,Male,227.45.78.52
377,Ronny,Gliddon,Ronny Gliddon,rgliddonag@slideshare.net,Male,125.40.137.38
378,Adamo,Akram,Adamo Akram,aakramah@yahoo.com,Male,21.251.241.90
379,Vivia,Godwyn,Vivia Godwyn,vgodwynai@miitbeian.gov.cn,Female,158.134.144.239
380,Arch,Grimmolby,Arch Grimmolby,agrimmolbyaj@addtoany.com,Male,239.27.71.64
381,Theodor,Lowdiane,Theodor Lowdiane,tlowdianeak@mit.edu,Male,106.247.151.43
382,Errick,Burkitt,Errick Burkitt,eburkittal@t-online.de,Male,56.28.239.182
383,Clarke,Tommeo,Clarke Tommeo,ctommeoam@jiathis.com,Male,208.144.251.229
384,Ashia,Tittletross,Ashia Tittletross,atittletrossan@google.cn,Female,112.122.54.186
385,Kerr,Scamerdine,Kerr Scamerdine,kscamerdineao@typepad.com,Male,66.228.1.201
386,Zerk,Corbie,Zerk Corbie,zcorbieap@theguardian.com,Male,252.147.3.230
387,Kendra,Jacklings,Kendra Jacklings,kjacklingsaq@oakley.com,Female,138.1.138.157
388,Freida,Fenkel,Freida Fenkel,ffenkelar@twitpic.com,Female,162.142.242.145
389,Northrup,Thurgood,Northrup Thurgood,nthurgoodas@ow.ly,Male,151.175.70.128
390,Suellen,Whitton,Suellen Whitton,swhittonat@usda.gov,Female,203.0.207.181
391,Celinda,Revington,Celinda Revington,crevingtonau@uol.com.br,Female,136.60.213.229
392,Garnet,Roubert,Garnet Roubert,groubertav@engadget.com,Female,141.193.49.63
393,Zena,De Micoli,Zena De Micoli,zdeaw@digg.com,Female,135.199.65.230
394,Demetra,Samsin,Demetra Samsin,dsamsinax@miitbeian.gov.cn,Female,109.207.239.60
395,Keri,Fawley,Keri Fawley,kfawleyay@reverbnation.com,Female,171.103.179.161
396,Mariquilla,Creus,Mariquilla Creus,mcreusaz@macromedia.com,Female,85.43.61.19
397,Byrom,Tandy,Byrom Tandy,btandyb0@intel.com,Male,58.185.193.192
398,Dacia,Hearnes,Dacia Hearnes,dhearnesb1@chronoengine.com,Female,209.192.237.114
399,Charissa,Basten,Charissa Basten,cbastenb2@apple.com,Female,81.158.162.251
400,Giacinta,Gynni,Giacinta Gynni,ggynnib3@eventbrite.com,Female,176.241.17.206
401,Cordelie,Gopsill,Cordelie Gopsill,cgopsillb4@discuz.net,Female,55.183.177.145
402,Cherrita,Oldacres,Cherrita Oldacres,coldacresb5@baidu.com,Female,158.195.196.6
403,Jacinthe,Kennerknecht,Jacinthe Kennerknecht,jkennerknechtb6@youku.com,Female,166.71.96.176
404,Emanuel,Sporton,Emanuel Sporton,esportonb7@51.la,Male,173.115.65.23
405,Killie,Lewer,Killie Lewer,klewerb8@constantcontact.com,Male,31.23.85.146
406,Augy,Freeborne,Augy Freeborne,afreeborneb9@about.me,Male,84.62.238.13
407,Laird,Demelt,Laird Demelt,ldemeltba@gnu.org,Male,70.196.59.34
408,Catlee,Gillam,Catlee Gillam,cgillambb@bandcamp.com,Female,68.124.159.187
409,Jewel,Bremmer,Jewel Bremmer,jbremmerbc@mashable.com,Female,183.95.125.17
410,Munroe,Mattioli,Munroe Mattioli,mmattiolibd@boston.com,Male,122.184.254.74
411,Risa,Ranson,Risa Ranson,rransonbe@berkeley.edu,Female,85.41.49.69
412,Pen,Vassano,Pen Vassano,pvassanobf@bandcamp.com,Male,145.161.36.220
413,Valentijn,Baseley,Valentijn Baseley,vbaseleybg@newyorker.com,Male,83.46.86.79
414,Walliw,Marques,Walliw Marques,wmarquesbh@hexun.com,Female,34.77.5.146
415,Xena,Tayloe,Xena Tayloe,xtayloebi@nps.gov,Female,10.3.42.128
416,Martino,Winks,Martino Winks,mwinksbj@furl.net,Male,178.179.47.201
417,Dagmar,Gosart,Dagmar Gosart,dgosartbk@furl.net,Female,121.32.154.210
418,Mikaela,Flecknell,Mikaela Flecknell,mflecknellbl@odnoklassniki.ru,Female,19.172.73.22
419,Kinna,Betts,Kinna Betts,kbettsbm@telegraph.co.uk,Female,255.11.214.248
420,Margalo,Tack,Margalo Tack,mtackbn@icio.us,Female,195.74.245.205
421,Genia,Dodgshun,Genia Dodgshun,gdodgshunbo@google.de,Female,63.246.84.222
422,Zachary,Bigrigg,Zachary Bigrigg,zbigriggbp@cloudflare.com,Male,171.27.103.141
423,Rici,Hallett,Rici Hallett,rhallettbq@apache.org,Female,128.254.246.211
424,Briano,Brunnen,Briano Brunnen,bbrunnenbr@gizmodo.com,Male,61.223.192.49
425,Deva,Jossel,Deva Jossel,djosselbs@ebay.co.uk,Female,240.146.41.180
426,Kirby,Droghan,Kirby Droghan,kdroghanbt@house.gov,Male,48.182.29.151
427,Teriann,Ovenell,Teriann Ovenell,tovenellbu@prweb.com,Female,13.179.249.105
428,Stacey,Grew,Stacey Grew,sgrewbv@google.ca,Female,215.141.171.84
429,Cassy,Lakin,Cassy Lakin,clakinbw@spotify.com,Female,181.220.188.80
430,Mia,Martineau,Mia Martineau,mmartineaubx@engadget.com,Female,245.107.6.166
431,Carlee,MacFaell,Carlee MacFaell,cmacfaellby@auda.org.au,Female,9.2.187.238
432,Thia,Gilders,Thia Gilders,tgildersbz@freewebs.com,Female,58.239.124.70
433,Jabez,Betty,Jabez Betty,jbettyc0@blogger.com,Male,129.70.17.152
434,Kynthia,Breinlein,Kynthia Breinlein,kbreinleinc1@blog.com,Female,56.153.25.66
435,Vance,Esterbrook,Vance Esterbrook,vesterbrookc2@japanpost.jp,Male,192.29.65.45
436,Thadeus,Thunders,Thadeus Thunders,tthundersc3@symantec.com,Male,45.160.96.190
437,Dierdre,Stutte,Dierdre Stutte,dstuttec4@umn.edu,Female,97.79.114.15
438,Tymon,Ellwood,Tymon Ellwood,tellwoodc5@google.es,Male,201.6.135.21
439,Justinn,Clemenza,Justinn Clemenza,jclemenzac6@ed.gov,Female,131.114.79.246
440,Corrine,Able,Corrine Able,cablec7@free.fr,Female,231.20.191.18
441,Tait,Eberlein,Tait Eberlein,teberleinc8@chronoengine.com,Male,51.9.19.91
442,Jonell,Wyrill,Jonell Wyrill,jwyrillc9@cdc.gov,Female,177.202.139.53
443,Bernardo,Alliband,Bernardo Alliband,ballibandca@github.com,Male,217.189.74.97
444,Balduin,Zorzi,Balduin Zorzi,bzorzicb@cargocollective.com,Male,63.165.200.190
445,Harman,Quest,Harman Quest,hquestcc@noaa.gov,Male,54.21.47.217
446,Jemimah,Melross,Jemimah Melross,jmelrosscd@ustream.tv,Female,61.10.207.12
447,Paulita,Rugiero,Paulita Rugiero,prugieroce@auda.org.au,Female,154.103.218.182
448,Joseito,Lillo,Joseito Lillo,jlillocf@360.cn,Male,148.181.105.178
449,Frazier,Flaubert,Frazier Flaubert,fflaubertcg@bandcamp.com,Male,97.88.80.95
450,Linnie,Powrie,Linnie Powrie,lpowriech@nymag.com,Female,173.144.163.213
451,Timothee,Jayme,Timothee Jayme,tjaymeci@shop-pro.jp,Male,94.109.45.27
452,Had,Middas,Had Middas,hmiddascj@acquirethisname.com,Male,222.180.119.212
453,Edi,Splaven,Edi Splaven,esplavenck@is.gd,Female,68.106.163.198
454,Lucias,Brussell,Lucias Brussell,lbrussellcl@hhs.gov,Male,211.18.220.118
455,Rodger,Lesslie,Rodger Lesslie,rlessliecm@rediff.com,Male,173.178.19.11
456,Mirilla,Weatherdon,Mirilla Weatherdon,mweatherdoncn@a8.net,Female,172.130.179.123
457,Hermine,Langhor,Hermine Langhor,hlanghorco@livejournal.com,Female,7.66.90.136
458,Garrott,Rome,Garrott Rome,gromecp@japanpost.jp,Male,11.255.42.239
459,Tiphanie,Tolan,Tiphanie Tolan,ttolancq@tripod.com,Female,67.68.76.102
460,Sheppard,Tawse,Sheppard Tawse,stawsecr@salon.com,Male,253.157.12.114
461,Sibyl,Seaborne,Sibyl Seaborne,sseabornecs@nps.gov,Male,56.138.78.11
462,Enrico,Das,Enrico Das,edasct@seattletimes.com,Male,14.114.24.80
463,Nita,O'Sculley,Nita O'Sculley,nosculleycu@livejournal.com,Female,148.191.167.134
464,Holly,Cadney,Holly Cadney,hcadneycv@census.gov,Male,0.118.155.192
465,Tammie,Ruffli,Tammie Ruffli,trufflicw@wired.com,Female,59.22.114.132
466,Brody,Belchamber,Brody Belchamber,bbelchambercx@google.co.jp,Male,192.192.98.169
467,Edin,Gannicleff,Edin Gannicleff,egannicleffcy@intel.com,Female,244.234.120.57
468,Yvor,Shoorbrooke,Yvor Shoorbrooke,yshoorbrookecz@wsj.com,Male,186.134.11.65
469,Ado,Genders,Ado Genders,agendersd0@stanford.edu,Male,183.253.73.69
470,Dru,Reding,Dru Reding,dredingd1@independent.co.uk,Female,193.26.170.251
471,Ariel,Clare,Ariel Clare,aclared2@canalblog.com,Female,245.254.182.119
472,Wynne,Baldock,Wynne Baldock,wbaldockd3@noaa.gov,Female,54.207.209.194
473,Essy,Hrishanok,Essy Hrishanok,ehrishanokd4@google.com.br,Female,136.47.69.254
474,Myrna,Carey,Myrna Carey,mcareyd5@answers.com,Female,129.41.167.85
475,Vallie,Motion,Vallie Motion,vmotiond6@histats.com,Female,232.129.170.139
476,Zolly,Amort,Zolly Amort,zamortd7@hexun.com,Male,84.175.170.164
477,Ginny,Kenvin,Ginny Kenvin,gkenvind8@hibu.com,Female,42.144.43.38
478,Olly,Simonitto,Olly Simonitto,osimonittod9@linkedin.com,Female,250.8.140.178
479,Jazmin,Humphery,Jazmin Humphery,jhumpheryda@opera.com,Female,96.217.69.3
480,Joanna,Scardefield,Joanna Scardefield,jscardefielddb@independent.co.uk,Female,248.197.167.185
481,Jeane,Bessant,Jeane Bessant,jbessantdc@delicious.com,Female,171.119.209.19
482,Datha,Yankin,Datha Yankin,dyankindd@google.co.jp,Female,56.46.67.128
483,Rickie,Grombridge,Rickie Grombridge,rgrombridgede@4shared.com,Male,22.155.192.232
484,Wilton,Quilligan,Wilton Quilligan,wquilligandf@jalbum.net,Male,131.95.201.240
485,Tootsie,Ollett,Tootsie Ollett,tollettdg@dion.ne.jp,Female,109.176.213.34
486,Tobias,Antonikov,Tobias Antonikov,tantonikovdh@wikimedia.org,Male,18.176.26.114
487,Fred,Coyte,Fred Coyte,fcoytedi@kickstarter.com,Male,124.97.222.181
488,Annelise,Cowins,Annelise Cowins,acowinsdj@wunderground.com,Female,23.215.96.124
489,Zahara,Rayner,Zahara Rayner,zraynerdk@ovh.net,Female,195.23.74.139
490,Kerry,Castellini,Kerry Castellini,kcastellinidl@rediff.com,Female,107.42.251.143
491,Nola,Halstead,Nola Halstead,nhalsteaddm@ocn.ne.jp,Female,118.161.247.189
492,Marwin,Carette,Marwin Carette,mcarettedn@fotki.com,Male,180.32.162.198
493,Wat,Skures,Wat Skures,wskuresdo@devhub.com,Male,98.8.159.166
494,Liva,Keiling,Liva Keiling,lkeilingdp@fda.gov,Female,25.94.46.56
495,Minna,Beckford,Minna Beckford,mbeckforddq@parallels.com,Female,10.47.158.145
496,Robinette,Piburn,Robinette Piburn,rpiburndr@meetup.com,Female,62.225.61.226
497,Elisha,Vinten,Elisha Vinten,evintends@harvard.edu,Female,3.69.138.89
498,Etty,Divine,Etty Divine,edivinedt@prnewswire.com,Female,115.212.205.6
499,Katalin,Midlane,Katalin Midlane,kmidlanedu@hexun.com,Female,176.220.202.108
500,Shalom,Rickerd,Shalom Rickerd,srickerddv@zdnet.com,Male,144.200.188.127
501,Rupert,Lyness,Rupert Lyness,rlynessdw@php.net,Male,202.108.92.170
502,Romona,Duprey,Romona Duprey,rdupreydx@tuttocitta.it,Female,112.221.4.148
503,Jillian,McDell,Jillian McDell,jmcdelldy@google.com,Female,254.23.152.74
504,Amalita,Kilalea,Amalita Kilalea,akilaleadz@mapy.cz,Female,10.205.202.34
505,Joye,Westoff,Joye Westoff,jwestoffe0@delicious.com,Female,218.236.140.109
506,Richmond,Lillford,Richmond Lillford,rlillforde1@telegraph.co.uk,Male,108.99.199.107
507,Kelcey,Southerell,Kelcey Southerell,ksoutherelle2@bloglines.com,Female,174.53.89.25
508,Joy,Linzee,Joy Linzee,jlinzeee3@cnet.com,Female,125.206.22.16
509,Deeann,Chesshire,Deeann Chesshire,dchesshiree4@merriam-webster.com,Female,173.61.180.155
510,Guillermo,Grinsdale,Guillermo Grinsdale,ggrinsdalee5@eventbrite.com,Male,68.22.101.47
511,Paten,Hollyar,Paten Hollyar,phollyare6@1688.com,Male,103.242.34.150
512,Arny,Wayvill,Arny Wayvill,awayville7@mayoclinic.com,Male,64.130.133.35
513,Ruggiero,Peaddie,Ruggiero Peaddie,rpeaddiee8@java.com,Male,76.217.23.44
514,Jacques,Wondraschek,Jacques Wondraschek,jwondrascheke9@umn.edu,Male,59.117.70.64
515,Ettie,Boult,Ettie Boult,eboultea@goo.ne.jp,Female,56.216.97.102
516,Silvain,Jeskins,Silvain Jeskins,sjeskinseb@nyu.edu,Male,214.72.61.199
517,Chicky,Kellegher,Chicky Kellegher,ckellegherec@moonfruit.com,Male,238.48.197.10
518,Roxy,Jonsson,Roxy Jonsson,rjonssoned@yolasite.com,Female,86.76.126.87
519,Amalee,Bosse,Amalee Bosse,abosseee@japanpost.jp,Female,80.229.248.233
520,Lilllie,Ching,Lilllie Ching,lchingef@independent.co.uk,Female,236.243.191.37
521,Tome,Laurentino,Tome Laurentino,tlaurentinoeg@ning.com,Male,253.183.190.252
522,Miguela,Acaster,Miguela Acaster,macastereh@myspace.com,Female,101.47.15.252
523,Skipp,Ducastel,Skipp Ducastel,sducastelei@netscape.com,Male,203.251.243.51
524,Ingaborg,Geleman,Ingaborg Geleman,igelemanej@dagondesign.com,Female,64.215.71.178
525,Ulrick,Filyashin,Ulrick Filyashin,ufilyashinek@vkontakte.ru,Male,142.13.82.42
526,Reggis,Eates,Reggis Eates,reatesel@google.com.hk,Male,127.230.153.17
527,Marjory,Lensch,Marjory Lensch,mlenschem@usgs.gov,Female,174.200.131.239
528,Amos,Robottham,Amos Robottham,arobotthamen@ca.gov,Male,207.80.239.25
529,Adrian,Breakey,Adrian Breakey,abreakeyeo@sakura.ne.jp,Male,139.89.108.100
530,Herold,Morrott,Herold Morrott,hmorrottep@illinois.edu,Male,161.119.225.236
531,Ezekiel,Rameau,Ezekiel Rameau,erameaueq@csmonitor.com,Male,254.203.35.176
532,Tawnya,Chanson,Tawnya Chanson,tchansoner@economist.com,Female,52.164.230.225
533,Aloysius,Dishman,Aloysius Dishman,adishmanes@so-net.ne.jp,Male,222.67.74.155
534,Jaine,Henze,Jaine Henze,jhenzeet@webmd.com,Female,195.75.187.6
535,Jasmina,Woodeson,Jasmina Woodeson,jwoodesoneu@tinyurl.com,Female,249.181.27.79
536,Hasheem,Galliard,Hasheem Galliard,hgalliardev@constantcontact.com,Male,48.144.128.225
537,Godwin,Hiers,Godwin Hiers,ghiersew@accuweather.com,Male,167.216.141.189
538,Brandtr,Lumpkin,Brandtr Lumpkin,blumpkinex@soundcloud.com,Male,18.208.181.76
539,Annadiane,Rozanski,Annadiane Rozanski,arozanskiey@illinois.edu,Female,94.78.115.217
540,Melloney,Sawkins,Melloney Sawkins,msawkinsez@lycos.com,Female,141.124.152.173
541,Keelby,Perin,Keelby Perin,kperinf0@networkadvertising.org,Male,121.122.161.252
542,Caz,Galiero,Caz Galiero,cgalierof1@oracle.com,Male,173.14.118.62
543,Lissa,McGoogan,Lissa McGoogan,lmcgooganf2@shareasale.com,Female,65.62.234.129
544,Stephannie,Embleton,Stephannie Embleton,sembletonf3@ameblo.jp,Female,45.206.23.204
545,Howie,Allewell,Howie Allewell,hallewellf4@sphinn.com,Male,205.65.107.152
546,Kilian,Abrey,Kilian Abrey,kabreyf5@cam.ac.uk,Male,80.245.231.2
547,Ofella,Jakubiak,Ofella Jakubiak,ojakubiakf6@macromedia.com,Female,140.252.7.222
548,Bobbye,Pomfret,Bobbye Pomfret,bpomfretf7@skype.com,Female,130.40.163.48
549,Sheree,Lecount,Sheree Lecount,slecountf8@merriam-webster.com,Female,18.42.77.33
550,Nikolas,Cowan,Nikolas Cowan,ncowanf9@wikia.com,Male,234.46.198.214
551,Dionne,Rosetti,Dionne Rosetti,drosettifa@ow.ly,Female,4.23.12.104
552,Deloris,Hallede,Deloris Hallede,dhalledefb@ehow.com,Female,219.171.19.161
553,Judd,Sacchetti,Judd Sacchetti,jsacchettifc@nyu.edu,Male,93.237.198.187
554,Frazer,Chinge,Frazer Chinge,fchingefd@virginia.edu,Male,135.105.2.68
555,Garland,Blazdell,Garland Blazdell,gblazdellfe@google.com.au,Female,18.61.174.152
556,Jeanette,Buckerfield,Jeanette Buckerfield,jbuckerfieldff@cbc.ca,Female,61.190.64.186
557,Lalo,Burkett,Lalo Burkett,lburkettfg@mozilla.com,Male,102.86.46.158
558,Johan,Hanalan,Johan Hanalan,jhanalanfh@sakura.ne.jp,Male,144.140.74.194
559,Mina,Bussel,Mina Bussel,mbusselfi@paypal.com,Female,146.45.171.74
560,Yetta,Camier,Yetta Camier,ycamierfj@skype.com,Female,67.185.168.231
561,Olympie,McKilroe,Olympie McKilroe,omckilroefk@mit.edu,Female,191.126.89.102
562,Estevan,Tandy,Estevan Tandy,etandyfl@census.gov,Male,81.157.201.203
563,Tedd,Kilius,Tedd Kilius,tkiliusfm@forbes.com,Male,48.42.90.77
564,Joanne,Gayton,Joanne Gayton,jgaytonfn@rakuten.co.jp,Female,56.55.162.36
565,Phil,Linbohm,Phil Linbohm,plinbohmfo@loc.gov,Male,213.46.184.119
566,Kenny,Flaubert,Kenny Flaubert,kflaubertfp@bandcamp.com,Male,182.216.145.166
567,Celene,Haith,Celene Haith,chaithfq@umich.edu,Female,182.102.225.107
568,Trenton,Boarer,Trenton Boarer,tboarerfr@squarespace.com,Male,248.172.177.8
569,Che,Cottey,Che Cottey,ccotteyfs@eventbrite.com,Male,22.65.203.243
570,Deanne,Gilbride,Deanne Gilbride,dgilbrideft@usnews.com,Female,158.96.3.42
571,Brose,Helliwell,Brose Helliwell,bhelliwellfu@goo.gl,Male,117.143.137.94
572,Lorinda,MacCartney,Lorinda MacCartney,lmaccartneyfv@nasa.gov,Female,75.61.42.217
573,Gannie,Brimilcombe,Gannie Brimilcombe,gbrimilcombefw@dell.com,Male,167.166.252.4
574,Nonnah,Fawcitt,Nonnah Fawcitt,nfawcittfx@blogtalkradio.com,Female,15.10.70.82
575,Damon,Pieterick,Damon Pieterick,dpieterickfy@yolasite.com,Male,250.174.133.177
576,Joice,Wentworth,Joice Wentworth,jwentworthfz@alibaba.com,Female,108.66.117.140
577,Jammie,Meatyard,Jammie Meatyard,jmeatyardg0@mashable.com,Female,153.185.55.27
578,Freeman,Quinlan,Freeman Quinlan,fquinlang1@simplemachines.org,Male,75.66.65.243
579,Buiron,Robic,Buiron Robic,brobicg2@tumblr.com,Male,196.228.98.47
580,Melodee,Maskill,Melodee Maskill,mmaskillg3@google.pl,Female,208.219.163.211
581,Carolann,Stolz,Carolann Stolz,cstolzg4@nationalgeographic.com,Female,195.13.110.31
582,Ruby,Turone,Ruby Turone,rturoneg5@cdbaby.com,Male,74.154.0.149
583,Jules,Megainey,Jules Megainey,jmegaineyg6@un.org,Male,124.36.228.105
584,Bev,Coskerry,Bev Coskerry,bcoskerryg7@google.pl,Female,24.136.235.43
585,Bria,McIlenna,Bria McIlenna,bmcilennag8@cbslocal.com,Female,122.56.205.106
586,Brnaby,Heinschke,Brnaby Heinschke,bheinschkeg9@statcounter.com,Male,187.244.64.138
587,Thaxter,Coxhell,Thaxter Coxhell,tcoxhellga@123-reg.co.uk,Male,225.17.64.129
588,Carmen,Belliard,Carmen Belliard,cbelliardgb@fastcompany.com,Female,13.176.19.150
589,Gelya,Pointer,Gelya Pointer,gpointergc@tmall.com,Female,160.76.130.112
590,Corri,Trump,Corri Trump,ctrumpgd@webs.com,Female,108.134.239.89
591,Hilde,Recke,Hilde Recke,hreckege@is.gd,Female,179.208.122.146
592,Mischa,Buglass,Mischa Buglass,mbuglassgf@nih.gov,Male,232.127.61.117
593,Feodora,Beaument,Feodora Beaument,fbeaumentgg@uiuc.edu,Female,161.171.126.93
594,Alane,McCreery,Alane McCreery,amccreerygh@shareasale.com,Female,145.76.169.95
595,Ellsworth,Stopps,Ellsworth Stopps,estoppsgi@g.co,Male,247.132.211.28
596,Marnia,Rubinfajn,Marnia Rubinfajn,mrubinfajngj@mozilla.com,Female,174.76.219.43
597,Charita,Bendon,Charita Bendon,cbendongk@mayoclinic.com,Female,19.53.246.157
598,Gill,Sherwin,Gill Sherwin,gsherwingl@meetup.com,Female,11.135.55.47
599,Carrol,Philipot,Carrol Philipot,cphilipotgm@techcrunch.com,Male,149.37.170.28
600,Almeta,Playden,Almeta Playden,aplaydengn@360.cn,Female,151.185.91.142
601,Marcelia,Stickens,Marcelia Stickens,mstickensgo@bing.com,Female,29.96.231.179
602,Irwin,Feragh,Irwin Feragh,iferaghgp@webs.com,Male,96.38.82.201
603,Olwen,Gilbertson,Olwen Gilbertson,ogilbertsongq@abc.net.au,Female,136.95.202.211
604,Clementia,Geist,Clementia Geist,cgeistgr@youku.com,Female,130.152.193.3
605,Feliks,Myhill,Feliks Myhill,fmyhillgs@w3.org,Male,94.173.203.65
606,Chrysa,Miskin,Chrysa Miskin,cmiskingt@so-net.ne.jp,Female,65.55.39.11
607,Crin,Pilmore,Crin Pilmore,cpilmoregu@about.me,Female,171.236.7.144
608,Karon,Marieton,Karon Marieton,kmarietongv@patch.com,Female,206.5.98.15
609,Saunders,Gebb,Saunders Gebb,sgebbgw@google.it,Male,114.138.187.55
610,Silvester,Lawry,Silvester Lawry,slawrygx@ox.ac.uk,Male,9.120.225.92
611,Alisun,Stiegers,Alisun Stiegers,astiegersgy@nasa.gov,Female,146.177.23.52
612,Ida,Pilger,Ida Pilger,ipilgergz@uiuc.edu,Female,10.34.169.23
613,Deny,Gohn,Deny Gohn,dgohnh0@naver.com,Female,208.159.166.225
614,Lyell,Halmkin,Lyell Halmkin,lhalmkinh1@wikimedia.org,Male,162.121.116.144
615,Abbe,Parlot,Abbe Parlot,aparloth2@ucla.edu,Male,194.116.80.245
616,Nara,Kleinholz,Nara Kleinholz,nkleinholzh3@sogou.com,Female,241.129.154.235
617,Lamond,Hosby,Lamond Hosby,lhosbyh4@github.io,Male,239.161.197.22
618,Berta,Ladds,Berta Ladds,bladdsh5@hc360.com,Female,3.56.230.193
619,Salmon,Bucknell,Salmon Bucknell,sbucknellh6@multiply.com,Male,181.3.59.103
620,Mala,MacGregor,Mala MacGregor,mmacgregorh7@patch.com,Female,55.49.150.241
621,Darcy,Ballard,Darcy Ballard,dballardh8@infoseek.co.jp,Male,185.223.175.110
622,Cello,Knuckles,Cello Knuckles,cknucklesh9@accuweather.com,Male,0.153.11.30
623,Nikos,Rozenzweig,Nikos Rozenzweig,nrozenzweigha@booking.com,Male,134.11.231.237
624,Rorie,Waiting,Rorie Waiting,rwaitinghb@adobe.com,Female,135.148.7.88
625,Bond,Edeler,Bond Edeler,bedelerhc@google.pl,Male,191.120.185.83
626,Lisetta,McGray,Lisetta McGray,lmcgrayhd@seesaa.net,Female,188.137.65.196
627,Rurik,Dowsey,Rurik Dowsey,rdowseyhe@ning.com,Male,28.60.163.235
628,Veda,Gaylord,Veda Gaylord,vgaylordhf@1und1.de,Female,21.107.227.92
629,Elaine,Basill,Elaine Basill,ebasillhg@t.co,Female,128.41.169.247
630,Shelly,Goodger,Shelly Goodger,sgoodgerhh@furl.net,Female,195.175.88.252
631,Ashien,Lambricht,Ashien Lambricht,alambrichthi@cnbc.com,Female,160.154.194.92
632,Gregorius,Elloway,Gregorius Elloway,gellowayhj@bloglovin.com,Male,55.155.190.187
633,Alvie,Whimpenny,Alvie Whimpenny,awhimpennyhk@washington.edu,Male,100.25.241.240
634,Wheeler,Willcott,Wheeler Willcott,wwillcotthl@alexa.com,Male,54.127.230.19
635,Barbabas,Dunbobin,Barbabas Dunbobin,bdunbobinhm@furl.net,Male,127.118.168.207
636,Lynnette,Pech,Lynnette Pech,lpechhn@wp.com,Female,87.160.103.159
637,Bentlee,Bastin,Bentlee Bastin,bbastinho@lulu.com,Male,22.194.11.45
638,Netti,Dible,Netti Dible,ndiblehp@ed.gov,Female,56.239.31.123
639,Garv,Gheorghescu,Garv Gheorghescu,ggheorghescuhq@hugedomains.com,Male,53.117.92.173
640,Brianne,De Francesco,Brianne De Francesco,bdehr@xing.com,Female,201.61.112.173
641,Adrian,Molesworth,Adrian Molesworth,amolesworthhs@yolasite.com,Male,236.225.64.188
642,Tedmund,Arnson,Tedmund Arnson,tarnsonht@jiathis.com,Male,25.180.160.159
643,Neely,Jobey,Neely Jobey,njobeyhu@multiply.com,Female,249.31.96.224
644,Naoma,Joly,Naoma Joly,njolyhv@tuttocitta.it,Female,117.153.146.38
645,Kristoforo,Philipet,Kristoforo Philipet,kphilipethw@mashable.com,Male,86.201.219.168
646,Anne,Markey,Anne Markey,amarkeyhx@cocolog-nifty.com,Female,26.49.184.131
647,Sibeal,Picardo,Sibeal Picardo,spicardohy@umn.edu,Female,203.206.161.194
648,Lurette,Vasyukov,Lurette Vasyukov,lvasyukovhz@un.org,Female,43.22.213.252
649,Devora,Axton,Devora Axton,daxtoni0@last.fm,Female,116.133.91.132
650,Mellie,Penhallurick,Mellie Penhallurick,mpenhalluricki1@dyndns.org,Female,73.172.5.230
651,Cherish,Corneil,Cherish Corneil,ccorneili2@cnet.com,Female,191.46.183.154
652,Francisco,Bartholomew,Francisco Bartholomew,fbartholomewi3@irs.gov,Male,11.254.137.52
653,Urbain,Grindley,Urbain Grindley,ugrindleyi4@google.nl,Male,94.151.162.241
654,Lezlie,Nitti,Lezlie Nitti,lnittii5@disqus.com,Female,2.179.86.181
655,Burt,Crother,Burt Crother,bcrotheri6@aboutads.info,Male,145.47.115.134
656,Guendolen,Woodage,Guendolen Woodage,gwoodagei7@1und1.de,Female,147.175.220.78
657,Asher,Conerding,Asher Conerding,aconerdingi8@boston.com,Male,41.19.165.96
658,Bron,Fellow,Bron Fellow,bfellowi9@g.co,Male,233.139.199.157
659,Ali,Scotfurth,Ali Scotfurth,ascotfurthia@ehow.com,Male,226.168.148.89
660,Gerhardine,Sworn,Gerhardine Sworn,gswornib@jalbum.net,Female,16.172.107.39
661,Dell,Greguol,Dell Greguol,dgreguolic@issuu.com,Female,62.193.104.92
662,Granville,Jodrellec,Granville Jodrellec,gjodrellecid@spotify.com,Male,24.122.146.48
663,Charissa,Darkin,Charissa Darkin,cdarkinie@samsung.com,Female,154.104.129.78
664,Darryl,Gibbieson,Darryl Gibbieson,dgibbiesonif@telegraph.co.uk,Male,247.135.12.143
665,Ainslie,McCunn,Ainslie McCunn,amccunnig@jugem.jp,Female,131.111.54.189
666,Stephani,Spraberry,Stephani Spraberry,sspraberryih@telegraph.co.uk,Female,105.36.164.123
667,Hobey,Estable,Hobey Estable,hestableii@wikia.com,Male,58.231.215.239
668,Harbert,Knoller,Harbert Knoller,hknollerij@so-net.ne.jp,Male,2.53.118.28
669,Garrett,Dixcee,Garrett Dixcee,gdixceeik@yahoo.co.jp,Male,210.215.44.198
670,Byrle,Clears,Byrle Clears,bclearsil@google.co.uk,Male,27.10.52.231
671,Carilyn,Gookes,Carilyn Gookes,cgookesim@earthlink.net,Female,171.106.246.249
672,Ardeen,Celiz,Ardeen Celiz,acelizin@wufoo.com,Female,3.241.240.136
673,Bancroft,Tomkys,Bancroft Tomkys,btomkysio@blogtalkradio.com,Male,244.167.129.244
674,Salvatore,Summergill,Salvatore Summergill,ssummergillip@cocolog-nifty.com,Male,238.229.130.255
675,Tommi,Sibbons,Tommi Sibbons,tsibbonsiq@nhs.uk,Female,18.198.156.134
676,Arlette,Tincey,Arlette Tincey,atinceyir@infoseek.co.jp,Female,32.224.220.80
677,Faun,Brill,Faun Brill,fbrillis@sitemeter.com,Female,238.189.210.240
678,Hewet,Elizabeth,Hewet Elizabeth,helizabethit@pbs.org,Male,42.166.220.134
679,Orel,Boughtwood,Orel Boughtwood,oboughtwoodiu@hp.com,Female,132.62.233.110
680,Marianne,Dacey,Marianne Dacey,mdaceyiv@flickr.com,Female,3.181.248.45
681,Celina,Ledamun,Celina Ledamun,cledamuniw@domainmarket.com,Female,128.14.188.212
682,Haleigh,Bruins,Haleigh Bruins,hbruinsix@google.com.au,Female,26.152.34.160
683,Sherman,Zamboniari,Sherman Zamboniari,szamboniariiy@slideshare.net,Male,187.118.207.229
684,Gus,Basile,Gus Basile,gbasileiz@sohu.com,Female,195.81.99.32
685,Elita,Tattershaw,Elita Tattershaw,etattershawj0@exblog.jp,Female,46.6.40.228
686,Nat,Droogan,Nat Droogan,ndrooganj1@webmd.com,Male,121.193.11.13
687,Gerhardt,Flipek,Gerhardt Flipek,gflipekj2@infoseek.co.jp,Male,8.27.108.110
688,Braden,Shelton,Braden Shelton,bsheltonj3@answers.com,Male,226.223.193.160
689,Bertrando,Attwood,Bertrando Attwood,battwoodj4@skyrock.com,Male,227.13.181.32
690,Alden,Teresia,Alden Teresia,ateresiaj5@netscape.com,Male,71.171.101.194
691,Jennee,McClure,Jennee McClure,jmcclurej6@google.es,Female,180.31.43.180
692,Crawford,Thamelt,Crawford Thamelt,cthameltj7@yolasite.com,Male,53.27.94.80
693,Chalmers,Trundle,Chalmers Trundle,ctrundlej8@bbb.org,Male,87.214.126.17
694,Marrilee,Larter,Marrilee Larter,mlarterj9@blog.com,Female,64.88.76.14
695,Debi,McDiarmid,Debi McDiarmid,dmcdiarmidja@booking.com,Female,21.200.221.144
696,Jeannie,Daffern,Jeannie Daffern,jdaffernjb@nbcnews.com,Female,74.19.122.169
697,Milton,Meineking,Milton Meineking,mmeinekingjc@ow.ly,Male,192.143.216.61
698,Dev,Maria,Dev Maria,dmariajd@auda.org.au,Male,23.40.129.241
699,Kerwinn,Cheale,Kerwinn Cheale,kchealeje@imdb.com,Male,164.185.211.31
700,Gino,McGarvie,Gino McGarvie,gmcgarviejf@chronoengine.com,Male,211.22.153.156
701,Nancee,Brittain,Nancee Brittain,nbrittainjg@cocolog-nifty.com,Female,141.219.137.171
702,Leigh,Hinsche,Leigh Hinsche,lhinschejh@foxnews.com,Male,243.80.127.249
703,Dasi,Hiscoke,Dasi Hiscoke,dhiscokeji@storify.com,Female,60.173.106.25
704,Idette,Finlator,Idette Finlator,ifinlatorjj@nsw.gov.au,Female,57.171.173.150
705,Fletcher,Ilchuk,Fletcher Ilchuk,filchukjk@1und1.de,Male,183.92.143.20
706,Vin,Ruperto,Vin Ruperto,vrupertojl@typepad.com,Male,136.169.210.232
707,Lurleen,Dorgan,Lurleen Dorgan,ldorganjm@godaddy.com,Female,181.249.50.136
708,Melania,Brise,Melania Brise,mbrisejn@cafepress.com,Female,203.62.41.193
709,Steffi,Glassard,Steffi Glassard,sglassardjo@aboutads.info,Female,253.209.139.39
710,Alyssa,Lusher,Alyssa Lusher,alusherjp@marriott.com,Female,14.114.79.228
711,Shayla,Kinder,Shayla Kinder,skinderjq@msn.com,Female,85.235.207.45
712,Hyacintha,Totton,Hyacintha Totton,htottonjr@photobucket.com,Female,211.175.7.6
713,Sue,Matusevich,Sue Matusevich,smatusevichjs@xing.com,Female,224.207.48.38
714,Maud,Lynagh,Maud Lynagh,mlynaghjt@wix.com,Female,123.210.189.123
715,Blakelee,Prydie,Blakelee Prydie,bprydieju@gizmodo.com,Female,8.48.237.1
716,Anestassia,Rigardeau,Anestassia Rigardeau,arigardeaujv@soup.io,Female,242.236.135.111
717,Ade,Arber,Ade Arber,aarberjw@ifeng.com,Male,69.80.96.40
718,Parry,Griffen,Parry Griffen,pgriffenjx@eventbrite.com,Male,233.40.118.83
719,Josh,Dyka,Josh Dyka,jdykajy@netvibes.com,Male,156.171.164.43
720,Gerrard,Fynes,Gerrard Fynes,gfynesjz@pbs.org,Male,148.21.120.12
721,Kaela,Berkelay,Kaela Berkelay,kberkelayk0@dailymotion.com,Female,112.4.235.57
722,Robbin,Collete,Robbin Collete,rcolletek1@marriott.com,Female,217.162.117.189
723,Robers,Brymham,Robers Brymham,rbrymhamk2@independent.co.uk,Male,202.219.42.49
724,Pepi,O'Flannery,Pepi O'Flannery,poflanneryk3@phpbb.com,Female,31.1.8.184
725,Terese,Ingleby,Terese Ingleby,tinglebyk4@reuters.com,Female,140.147.231.146
726,Johannes,Knowler,Johannes Knowler,jknowlerk5@springer.com,Male,93.163.133.155
727,Zeb,Allner,Zeb Allner,zallnerk6@jigsy.com,Male,217.129.184.243
728,Claudie,MacCarter,Claudie MacCarter,cmaccarterk7@webeden.co.uk,Female,142.152.133.202
729,Lorne,Damp,Lorne Damp,ldampk8@opera.com,Male,30.163.220.255
730,Ninon,July,Ninon July,njulyk9@indiegogo.com,Female,17.252.84.202
731,Terry,Salliss,Terry Salliss,tsallisska@china.com.cn,Male,143.104.177.128
732,Sapphire,Bourdas,Sapphire Bourdas,sbourdaskb@yale.edu,Female,167.95.36.178
733,Maddy,Yearnsley,Maddy Yearnsley,myearnsleykc@cdbaby.com,Female,167.46.104.234
734,Cherie,Boice,Cherie Boice,cboicekd@youtube.com,Female,241.26.184.234
735,Garrott,Wedlake,Garrott Wedlake,gwedlakeke@marriott.com,Male,238.102.174.121
736,Filip,Piff,Filip Piff,fpiffkf@bloglovin.com,Male,139.118.131.11
737,Yvon,McLeary,Yvon McLeary,ymclearykg@seesaa.net,Male,157.196.148.180
738,Kacy,Ditzel,Kacy Ditzel,kditzelkh@bbc.co.uk,Female,83.206.205.138
739,Britt,Chetham,Britt Chetham,bchethamki@sbwire.com,Male,241.251.40.175
740,Yoshi,Keats,Yoshi Keats,ykeatskj@macromedia.com,Female,246.112.27.173
741,Dina,Esselin,Dina Esselin,desselinkk@nps.gov,Female,242.54.151.51
742,Sauveur,Blofield,Sauveur Blofield,sblofieldkl@zimbio.com,Male,246.231.41.229
743,Gerardo,Kembrey,Gerardo Kembrey,gkembreykm@arstechnica.com,Male,248.77.248.226
744,Consuelo,Bumpas,Consuelo Bumpas,cbumpaskn@linkedin.com,Female,231.14.174.61
745,Francyne,Vassano,Francyne Vassano,fvassanoko@prlog.org,Female,111.89.165.82
746,Gaby,Ollie,Gaby Ollie,golliekp@irs.gov,Male,41.114.53.235
747,Devora,Alentyev,Devora Alentyev,dalentyevkq@huffingtonpost.com,Female,68.250.221.215
748,Reynolds,Joel,Reynolds Joel,rjoelkr@japanpost.jp,Male,229.53.150.102
749,Zorah,Welberry,Zorah Welberry,zwelberryks@reverbnation.com,Female,210.251.172.117
750,Carmel,Davidi,Carmel Davidi,cdavidikt@alexa.com,Female,127.227.234.206
751,Trey,Robotham,Trey Robotham,trobothamku@sina.com.cn,Male,218.143.23.118
752,Ransom,Hassin,Ransom Hassin,rhassinkv@sohu.com,Male,109.129.103.119
753,Normy,Corten,Normy Corten,ncortenkw@skyrock.com,Male,31.62.107.115
754,Claudia,Marlen,Claudia Marlen,cmarlenkx@tinypic.com,Female,63.10.1.51
755,Alfie,Terbeek,Alfie Terbeek,aterbeekky@soup.io,Male,195.44.172.62
756,Hadleigh,Yitzovicz,Hadleigh Yitzovicz,hyitzoviczkz@bloglovin.com,Male,148.234.8.138
757,Stephen,Simony,Stephen Simony,ssimonyl0@whitehouse.gov,Male,217.17.33.78
758,Englebert,Collinwood,Englebert Collinwood,ecollinwoodl1@unblog.fr,Male,249.215.56.234
759,Denys,Migheli,Denys Migheli,dmighelil2@youtube.com,Female,234.31.48.239
760,Derrick,Vasenin,Derrick Vasenin,dvaseninl3@flickr.com,Male,75.236.102.75
761,Ignace,Osmant,Ignace Osmant,iosmantl4@ow.ly,Male,123.36.48.159
762,Esta,Geffen,Esta Geffen,egeffenl5@istockphoto.com,Female,198.113.141.21
763,Bryn,Revitt,Bryn Revitt,brevittl6@boston.com,Female,40.239.20.167
764,Clotilda,Loades,Clotilda Loades,cloadesl7@who.int,Female,113.75.73.47
765,Miguel,Giblett,Miguel Giblett,mgiblettl8@tripadvisor.com,Male,242.127.206.121
766,Georgeanne,McNeish,Georgeanne McNeish,gmcneishl9@ucoz.com,Female,1.65.242.84
767,Donaugh,Stockhill,Donaugh Stockhill,dstockhillla@virginia.edu,Male,26.121.142.35
768,Brooke,MacKee,Brooke MacKee,bmackeelb@cnn.com,Female,235.207.235.48
769,Annetta,Auchterlony,Annetta Auchterlony,aauchterlonylc@amazon.de,Female,192.110.3.17
770,Beverlie,Jozwicki,Beverlie Jozwicki,bjozwickild@jiathis.com,Female,137.27.241.92
771,Dierdre,Bouts,Dierdre Bouts,dboutsle@google.pl,Female,131.211.223.32
772,Slade,Fley,Slade Fley,sfleylf@columbia.edu,Male,181.174.211.202
773,Thornie,McKew,Thornie McKew,tmckewlg@phoca.cz,Male,137.193.71.107
774,Katee,Daniely,Katee Daniely,kdanielylh@addtoany.com,Female,200.45.109.199
775,Letta,Gozard,Letta Gozard,lgozardli@prnewswire.com,Female,229.133.0.232
776,Edi,Ciccotti,Edi Ciccotti,eciccottilj@globo.com,Female,125.13.231.230
777,Jessey,Liepins,Jessey Liepins,jliepinslk@buzzfeed.com,Male,65.94.3.133
778,Jacklin,Garlett,Jacklin Garlett,jgarlettll@desdev.cn,Female,17.127.73.254
779,Julita,Paulin,Julita Paulin,jpaulinlm@live.com,Female,234.227.174.69
780,Kirbie,Rickford,Kirbie Rickford,krickfordln@gizmodo.com,Female,148.72.14.29
781,Germaine,Pendleton,Germaine Pendleton,gpendletonlo@springer.com,Female,240.105.85.191
782,Hayyim,People,Hayyim People,hpeoplelp@netscape.com,Male,19.106.129.94
783,Roarke,Ashley,Roarke Ashley,rashleylq@constantcontact.com,Male,54.113.178.217
784,Kamillah,Totterdell,Kamillah Totterdell,ktotterdelllr@tumblr.com,Female,8.169.242.190
785,Jamaal,Middleton,Jamaal Middleton,jmiddletonls@myspace.com,Male,102.17.207.103
786,Kellen,Tabourel,Kellen Tabourel,ktabourellt@phoca.cz,Male,191.215.116.130
787,Julia,Hamshere,Julia Hamshere,jhamsherelu@macromedia.com,Female,56.30.227.167
788,Brad,Caseri,Brad Caseri,bcaserilv@thetimes.co.uk,Male,85.156.187.6
789,Gilemette,Cheshire,Gilemette Cheshire,gcheshirelw@joomla.org,Female,92.194.93.14
790,Ashbey,Simpkiss,Ashbey Simpkiss,asimpkisslx@google.co.jp,Male,251.151.13.6
791,Rosmunda,Macbane,Rosmunda Macbane,rmacbanely@zdnet.com,Female,50.28.229.132
792,Holly,Phillcox,Holly Phillcox,hphillcoxlz@slate.com,Male,255.210.96.245
793,Howey,Hammand,Howey Hammand,hhammandm0@a8.net,Male,129.142.74.60
794,Grange,Carabine,Grange Carabine,gcarabinem1@weebly.com,Male,129.147.157.23
795,Farrand,Croutear,Farrand Croutear,fcroutearm2@purevolume.com,Female,192.239.58.203
796,Lottie,Robjant,Lottie Robjant,lrobjantm3@jigsy.com,Female,252.6.100.9
797,Valle,Seeney,Valle Seeney,vseeneym4@mapy.cz,Male,78.140.94.68
798,Jess,Kellar,Jess Kellar,jkellarm5@shinystat.com,Male,18.90.188.234
799,Burty,Try,Burty Try,btrym6@blinklist.com,Male,66.15.235.170
800,Charles,Soulsby,Charles Soulsby,csoulsbym7@domainmarket.com,Male,97.89.230.51
801,Clo,McInnery,Clo McInnery,cmcinnerym8@simplemachines.org,Female,81.110.59.126
802,Jabez,Gero,Jabez Gero,jgerom9@nifty.com,Male,47.193.172.110
803,Filippo,Bresland,Filippo Bresland,fbreslandma@comsenz.com,Male,57.66.216.243
804,Karilynn,De Cruce,Karilynn De Cruce,kdemb@bluehost.com,Female,63.41.165.63
805,Teodoro,Dearle,Teodoro Dearle,tdearlemc@exblog.jp,Male,213.178.130.79
806,Garrett,Adam,Garrett Adam,gadammd@github.com,Male,2.170.30.11
807,Hilary,Kleinlerer,Hilary Kleinlerer,hkleinlererme@merriam-webster.com,Female,164.192.57.215
808,Avery,Billows,Avery Billows,abillowsmf@pen.io,Male,62.69.12.234
809,Ignaz,Rome,Ignaz Rome,iromemg@stumbleupon.com,Male,181.235.100.209
810,Farley,Toten,Farley Toten,ftotenmh@go.com,Male,157.72.130.2
811,Rosette,Godrich,Rosette Godrich,rgodrichmi@cargocollective.com,Female,200.26.200.81
812,Tatum,Heaselgrave,Tatum Heaselgrave,theaselgravemj@networkadvertising.org,Female,30.114.251.229
813,Timoteo,Wattam,Timoteo Wattam,twattammk@i2i.jp,Male,47.107.8.239
814,Noell,Ostridge,Noell Ostridge,nostridgeml@marketwatch.com,Female,150.194.197.93
815,Shepherd,Mesnard,Shepherd Mesnard,smesnardmm@wiley.com,Male,114.59.229.94
816,Lutero,Lacotte,Lutero Lacotte,llacottemn@blog.com,Male,198.33.150.80
817,Celesta,O'Sullivan,Celesta O'Sullivan,cosullivanmo@woothemes.com,Female,208.145.163.150
818,Leonore,Gurwood,Leonore Gurwood,lgurwoodmp@bizjournals.com,Female,199.221.23.172
819,Patti,Hendrikse,Patti Hendrikse,phendriksemq@google.co.jp,Female,153.46.147.107
820,Ambrosius,Duckels,Ambrosius Duckels,aduckelsmr@mail.ru,Male,35.3.238.84
821,Avivah,Vernall,Avivah Vernall,avernallms@acquirethisname.com,Female,10.105.157.189
822,Myrtia,Raddon,Myrtia Raddon,mraddonmt@shop-pro.jp,Female,248.149.99.169
823,Alisha,Westerman,Alisha Westerman,awestermanmu@symantec.com,Female,24.206.124.56
824,Ryann,Brouwer,Ryann Brouwer,rbrouwermv@indiegogo.com,Female,52.154.235.116
825,Dorey,Le Fleming,Dorey Le Fleming,dlemw@netvibes.com,Male,135.231.10.185
826,Odetta,Ewins,Odetta Ewins,oewinsmx@elegantthemes.com,Female,128.253.203.191
827,Arliene,Hamer,Arliene Hamer,ahamermy@delicious.com,Female,216.132.217.205
828,Violet,Minucci,Violet Minucci,vminuccimz@liveinternet.ru,Female,177.223.0.104
829,Elonore,Shucksmith,Elonore Shucksmith,eshucksmithn0@newsvine.com,Female,152.65.11.74
830,Emelyne,Hyland,Emelyne Hyland,ehylandn1@google.co.uk,Female,32.183.109.187
831,Isidoro,Adicot,Isidoro Adicot,iadicotn2@cpanel.net,Male,55.252.67.131
832,Issi,Eshmade,Issi Eshmade,ieshmaden3@purevolume.com,Female,231.226.207.173
833,Kendall,Antos,Kendall Antos,kantosn4@creativecommons.org,Male,223.200.118.129
834,Jase,Yeatman,Jase Yeatman,jyeatmann5@google.com.br,Male,6.111.28.109
835,Traci,Scargill,Traci Scargill,tscargilln6@mozilla.com,Female,197.233.241.36
836,Shaw,Isacq,Shaw Isacq,sisacqn7@tinypic.com,Male,236.203.165.91
837,Hilary,Kobierzycki,Hilary Kobierzycki,hkobierzyckin8@dropbox.com,Male,215.198.131.128
838,Florella,Eakens,Florella Eakens,feakensn9@walmart.com,Female,101.91.18.44
839,Ebenezer,Triggle,Ebenezer Triggle,etrigglena@earthlink.net,Male,113.59.86.247
840,Fitzgerald,Andress,Fitzgerald Andress,fandressnb@yahoo.co.jp,Male,195.243.90.240
841,Geno,Glennon,Geno Glennon,gglennonnc@miibeian.gov.cn,Male,38.60.239.4
842,Archibaldo,Akid,Archibaldo Akid,aakidnd@wiley.com,Male,178.106.63.227
843,Frasier,Silverwood,Frasier Silverwood,fsilverwoodne@ezinearticles.com,Male,54.87.79.103
844,Lenka,Prickett,Lenka Prickett,lprickettnf@kickstarter.com,Female,4.165.48.146
845,Germain,Merryfield,Germain Merryfield,gmerryfieldng@squarespace.com,Male,198.153.13.135
846,Brigitte,Ripsher,Brigitte Ripsher,bripshernh@mashable.com,Female,233.196.26.139
847,Ilise,Dinsey,Ilise Dinsey,idinseyni@hao123.com,Female,87.171.216.35
848,Candida,Winchcomb,Candida Winchcomb,cwinchcombnj@pbs.org,Female,215.109.156.184
849,Shay,Oda,Shay Oda,sodank@zimbio.com,Female,38.203.11.82
850,Rutger,Crichmer,Rutger Crichmer,rcrichmernl@lulu.com,Male,0.27.253.99
851,Forster,Mault,Forster Mault,fmaultnm@wufoo.com,Male,214.96.144.165
852,Dianna,Tassel,Dianna Tassel,dtasselnn@booking.com,Female,17.206.163.126
853,Yovonnda,Mullins,Yovonnda Mullins,ymullinsno@cdc.gov,Female,219.211.38.176
854,Igor,Shiell,Igor Shiell,ishiellnp@nps.gov,Male,37.204.217.2
855,Hermia,De la Eglise,Hermia De la Eglise,hdenq@exblog.jp,Female,136.173.95.25
856,Ansel,Applewhite,Ansel Applewhite,aapplewhitenr@wordpress.org,Male,123.92.123.161
857,Heindrick,Cratere,Heindrick Cratere,hcraterens@flavors.me,Male,78.29.121.210
858,Uriel,Cadagan,Uriel Cadagan,ucadagannt@nyu.edu,Male,2.209.227.101
859,Sigfried,Trippitt,Sigfried Trippitt,strippittnu@paginegialle.it,Male,96.169.230.128
860,Aubrette,Axleby,Aubrette Axleby,aaxlebynv@sphinn.com,Female,200.191.201.33
861,Mari,Carnelley,Mari Carnelley,mcarnelleynw@craigslist.org,Female,155.222.15.108
862,Rodolfo,Leggott,Rodolfo Leggott,rleggottnx@linkedin.com,Male,29.97.52.47
863,Nickey,Goodred,Nickey Goodred,ngoodredny@chicagotribune.com,Male,186.22.170.214
864,Morrie,Micklewicz,Morrie Micklewicz,mmicklewicznz@rediff.com,Male,210.16.224.27
865,Natalee,Cownden,Natalee Cownden,ncowndeno0@imageshack.us,Female,248.217.36.226
866,Lari,Golling,Lari Golling,lgollingo1@ameblo.jp,Female,86.95.9.178
867,Pattin,Perulli,Pattin Perulli,pperullio2@about.me,Male,140.171.39.200
868,Trey,Arkcoll,Trey Arkcoll,tarkcollo3@ed.gov,Male,2.246.97.102
869,Gratia,Hadingham,Gratia Hadingham,ghadinghamo4@blog.com,Female,216.114.239.96
870,Anallise,Merrikin,Anallise Merrikin,amerrikino5@toplist.cz,Female,253.254.61.63
871,Kingsly,Gee,Kingsly Gee,kgeeo6@123-reg.co.uk,Male,20.232.168.143
872,Sebastien,Swaite,Sebastien Swaite,sswaiteo7@oakley.com,Male,160.131.254.95
873,Padget,Seeborne,Padget Seeborne,pseeborneo8@4shared.com,Male,110.79.64.237
874,Margaret,Wainer,Margaret Wainer,mwainero9@google.co.uk,Female,232.89.210.167
875,Jannelle,Cossam,Jannelle Cossam,jcossamoa@hexun.com,Female,55.212.35.97
876,Farrel,Grainge,Farrel Grainge,fgraingeob@tuttocitta.it,Male,13.159.170.21
877,Sutton,Ziemsen,Sutton Ziemsen,sziemsenoc@google.fr,Male,221.38.83.23
878,Emalee,Beake,Emalee Beake,ebeakeod@symantec.com,Female,214.164.201.229
879,Adriana,Miettinen,Adriana Miettinen,amiettinenoe@geocities.com,Female,243.179.118.5
880,Franni,Borkin,Franni Borkin,fborkinof@elegantthemes.com,Female,166.145.203.71
881,Daron,Burchett,Daron Burchett,dburchettog@edublogs.org,Male,24.80.184.55
882,Faunie,Searchfield,Faunie Searchfield,fsearchfieldoh@cdbaby.com,Female,207.141.194.12
883,Rhys,Earland,Rhys Earland,rearlandoi@craigslist.org,Male,4.203.53.116
884,Buffy,Wasselin,Buffy Wasselin,bwasselinoj@php.net,Female,158.254.85.62
885,Gwenni,Rupp,Gwenni Rupp,gruppok@discuz.net,Female,160.185.32.78
886,Miltie,Bondy,Miltie Bondy,mbondyol@marriott.com,Male,236.34.135.45
887,Kalinda,Syddall,Kalinda Syddall,ksyddallom@columbia.edu,Female,98.234.213.22
888,Becca,Fidgin,Becca Fidgin,bfidginon@cafepress.com,Female,245.80.128.142
889,Timothee,Jancik,Timothee Jancik,tjancikoo@de.vu,Male,136.167.165.97
890,Ario,Dyball,Ario Dyball,adyballop@cnet.com,Male,157.250.193.138
891,Irina,MacCaughen,Irina MacCaughen,imaccaughenoq@apple.com,Female,137.169.116.69
892,Hester,Marchiso,Hester Marchiso,hmarchisoor@behance.net,Female,180.35.142.161
893,Gill,Blare,Gill Blare,gblareos@hubpages.com,Male,190.239.131.96
894,Rhys,Espin,Rhys Espin,respinot@tamu.edu,Male,147.148.106.246
895,Katine,Colbertson,Katine Colbertson,kcolbertsonou@irs.gov,Female,118.39.34.2
896,Jeri,Botte,Jeri Botte,jbotteov@ftc.gov,Female,163.69.60.129
897,Bellina,Paulino,Bellina Paulino,bpaulinoow@purevolume.com,Female,25.66.246.147
898,Carlynn,Lewton,Carlynn Lewton,clewtonox@bloglovin.com,Female,19.4.55.55
899,Dorry,Sworder,Dorry Sworder,dsworderoy@marketwatch.com,Female,19.178.84.201
900,Howey,Baison,Howey Baison,hbaisonoz@sina.com.cn,Male,152.143.144.110
901,Laetitia,Iuorio,Laetitia Iuorio,liuoriop0@printfriendly.com,Female,47.51.7.172
902,Karine,Ferneley,Karine Ferneley,kferneleyp1@state.tx.us,Female,44.51.91.174
903,Jervis,Deschelle,Jervis Deschelle,jdeschellep2@hud.gov,Male,79.146.170.113
904,Haleigh,Mensler,Haleigh Mensler,hmenslerp3@msu.edu,Male,222.26.105.130
905,Kirbee,Scrannage,Kirbee Scrannage,kscrannagep4@odnoklassniki.ru,Female,84.94.133.97
906,Archy,Parncutt,Archy Parncutt,aparncuttp5@geocities.jp,Male,150.39.36.57
907,Adrien,De Witt,Adrien De Witt,adep6@bigcartel.com,Male,166.171.13.150
908,Berty,Massimi,Berty Massimi,bmassimip7@typepad.com,Male,24.203.193.87
909,Sabine,Mitford,Sabine Mitford,smitfordp8@people.com.cn,Female,209.151.23.202
910,Quinlan,Korda,Quinlan Korda,qkordap9@google.com,Male,221.53.180.184
911,Georgianna,Banisch,Georgianna Banisch,gbanischpa@oaic.gov.au,Female,61.148.162.109
912,Cirstoforo,Landrean,Cirstoforo Landrean,clandreanpb@ask.com,Male,176.120.37.39
913,Katy,Pembry,Katy Pembry,kpembrypc@themeforest.net,Female,161.227.71.8
914,Curr,Junkinson,Curr Junkinson,cjunkinsonpd@springer.com,Male,49.59.60.4
915,Ellary,Wollers,Ellary Wollers,ewollerspe@baidu.com,Male,240.113.226.57
916,Kim,Spinks,Kim Spinks,kspinkspf@zdnet.com,Female,114.10.32.249
917,Quintus,Carruthers,Quintus Carruthers,qcarrutherspg@chicagotribune.com,Male,226.36.40.70
918,Burch,Gunningham,Burch Gunningham,bgunninghamph@eepurl.com,Male,50.100.149.39
919,Raf,Force,Raf Force,rforcepi@tumblr.com,Female,184.64.202.109
920,Andria,Braunroth,Andria Braunroth,abraunrothpj@alibaba.com,Female,36.183.73.45
921,Petronella,Archbould,Petronella Archbould,parchbouldpk@independent.co.uk,Female,22.68.152.159
922,Ashlen,Maggill'Andreis,Ashlen Maggill'Andreis,amaggillandreispl@nps.gov,Female,62.168.210.209
923,Willi,Oslar,Willi Oslar,woslarpm@reuters.com,Female,26.110.113.171
924,Kris,Yakebovitch,Kris Yakebovitch,kyakebovitchpn@yellowbook.com,Male,33.21.80.190
925,Ann-marie,Harrell,Ann-marie Harrell,aharrellpo@ifeng.com,Female,69.70.132.174
926,Guendolen,Kemet,Guendolen Kemet,gkemetpp@fastcompany.com,Female,216.121.234.31
927,Dionisio,Romer,Dionisio Romer,dromerpq@ameblo.jp,Male,139.104.39.187
928,Raven,Fanning,Raven Fanning,rfanningpr@ucoz.com,Female,189.185.192.195
929,Egan,Geaves,Egan Geaves,egeavesps@shinystat.com,Male,33.37.186.132
930,Cayla,Salter,Cayla Salter,csalterpt@google.com,Female,207.239.240.88
931,Lena,Verdun,Lena Verdun,lverdunpu@independent.co.uk,Female,47.176.145.16
932,Fannie,Koopman,Fannie Koopman,fkoopmanpv@nih.gov,Female,101.187.37.208
933,Aloise,Polglase,Aloise Polglase,apolglasepw@ocn.ne.jp,Female,203.228.171.221
934,Roger,Carlesi,Roger Carlesi,rcarlesipx@reuters.com,Male,10.163.133.247
935,Yehudit,Klicher,Yehudit Klicher,yklicherpy@ft.com,Male,46.26.111.119
936,Barbaraanne,Normanton,Barbaraanne Normanton,bnormantonpz@ted.com,Female,33.179.54.206
937,Wilmette,Vasser,Wilmette Vasser,wvasserq0@baidu.com,Female,61.55.215.188
938,Westbrook,Dunstan,Westbrook Dunstan,wdunstanq1@walmart.com,Male,172.207.2.156
939,Valentijn,Bricklebank,Valentijn Bricklebank,vbricklebankq2@facebook.com,Male,181.37.229.158
940,Padraic,Potbury,Padraic Potbury,ppotburyq3@webnode.com,Male,191.248.248.90
941,Joelynn,Galtone,Joelynn Galtone,jgaltoneq4@barnesandnoble.com,Female,17.145.13.197
942,Margaretta,Beardmore,Margaretta Beardmore,mbeardmoreq5@usatoday.com,Female,165.182.48.215
943,Mellisa,Darbey,Mellisa Darbey,mdarbeyq6@technorati.com,Female,48.32.139.246
944,Juan,Rohlf,Juan Rohlf,jrohlfq7@stanford.edu,Male,10.108.254.58
945,Gabriele,Crop,Gabriele Crop,gcropq8@hp.com,Male,12.230.116.7
946,Roarke,Cochran,Roarke Cochran,rcochranq9@pen.io,Male,97.205.117.197
947,Andria,Huggett,Andria Huggett,ahuggettqa@patch.com,Female,207.94.82.152
948,Wait,Karczinski,Wait Karczinski,wkarczinskiqb@deviantart.com,Male,45.128.30.132
949,Margaretha,Dorricott,Margaretha Dorricott,mdorricottqc@xrea.com,Female,93.55.249.101
950,Elvin,Grinyov,Elvin Grinyov,egrinyovqd@studiopress.com,Male,70.62.226.121
951,Dede,Philippou,Dede Philippou,dphilippouqe@utexas.edu,Female,105.17.162.199
952,Kandy,Instrell,Kandy Instrell,kinstrellqf@bbc.co.uk,Female,40.106.13.183
953,Burk,Quinnette,Burk Quinnette,bquinnetteqg@fc2.com,Male,29.8.77.63
954,Cori,Klich,Cori Klich,cklichqh@tripadvisor.com,Male,129.162.175.208
955,Phebe,Ferrarini,Phebe Ferrarini,pferrariniqi@msn.com,Female,50.228.18.180
956,Jareb,Hulke,Jareb Hulke,jhulkeqj@clickbank.net,Male,219.17.17.73
957,Salomon,Ever,Salomon Ever,severqk@mac.com,Male,83.63.244.73
958,Jilleen,Elcott,Jilleen Elcott,jelcottql@123-reg.co.uk,Female,55.101.23.124
959,Nani,Matanin,Nani Matanin,nmataninqm@nydailynews.com,Female,146.73.113.242
960,Sauncho,Mateuszczyk,Sauncho Mateuszczyk,smateuszczykqn@nature.com,Male,80.173.238.65
961,Gwenny,MacGillreich,Gwenny MacGillreich,gmacgillreichqo@surveymonkey.com,Female,22.232.88.34
962,Skipp,Gamett,Skipp Gamett,sgamettqp@hc360.com,Male,54.124.4.195
963,Felisha,Gaither,Felisha Gaither,fgaitherqq@phoca.cz,Female,231.151.79.114
964,Liam,Pavlasek,Liam Pavlasek,lpavlasekqr@cloudflare.com,Male,208.21.173.144
965,Stephan,McAuley,Stephan McAuley,smcauleyqs@engadget.com,Male,71.171.158.98
966,Clerissa,Berg,Clerissa Berg,cbergqt@joomla.org,Female,133.231.118.25
967,Tom,Marcombe,Tom Marcombe,tmarcombequ@qq.com,Male,141.247.150.66
968,Karlis,Feldman,Karlis Feldman,kfeldmanqv@google.com.au,Male,193.47.152.234
969,Florencia,Krale,Florencia Krale,fkraleqw@newsvine.com,Female,239.233.92.8
970,Wallie,Grimble,Wallie Grimble,wgrimbleqx@yahoo.co.jp,Male,16.132.81.145
971,Carlina,Romain,Carlina Romain,cromainqy@senate.gov,Female,170.87.113.249
972,Garnet,Shuter,Garnet Shuter,gshuterqz@oakley.com,Female,9.218.142.4
973,Abagail,Badland,Abagail Badland,abadlandr0@shinystat.com,Female,32.168.175.80
974,Giustina,Jantel,Giustina Jantel,gjantelr1@eventbrite.com,Female,67.50.229.113
975,Jordon,Cockton,Jordon Cockton,jcocktonr2@i2i.jp,Male,2.238.192.32
976,Pearl,Schuster,Pearl Schuster,pschusterr3@github.com,Female,84.39.54.125
977,Roxine,Grebner,Roxine Grebner,rgrebnerr4@ucoz.com,Female,84.56.5.113
978,Wat,Bannard,Wat Bannard,wbannardr5@cnbc.com,Male,172.66.40.3
979,Lind,McEvilly,Lind McEvilly,lmcevillyr6@bbc.co.uk,Female,255.251.117.143
980,Inness,Gwynne,Inness Gwynne,igwynner7@cargocollective.com,Male,136.106.104.158
981,Marcelle,Bromilow,Marcelle Bromilow,mbromilowr8@wsj.com,Female,37.41.251.131
982,Lacy,Killick,Lacy Killick,lkillickr9@nationalgeographic.com,Female,114.225.216.169
983,Forster,Thresher,Forster Thresher,fthresherra@live.com,Male,183.71.85.239
984,Giovanni,Plott,Giovanni Plott,gplottrb@soundcloud.com,Male,230.249.165.178
985,Rolland,Lawden,Rolland Lawden,rlawdenrc@blogger.com,Male,213.119.128.181
986,Ebonee,Leivesley,Ebonee Leivesley,eleivesleyrd@guardian.co.uk,Female,115.203.104.66
987,Yolanthe,Gettone,Yolanthe Gettone,ygettonere@netscape.com,Female,95.104.100.44
988,Sileas,Volante,Sileas Volante,svolanterf@paginegialle.it,Female,235.208.155.145
989,Isabelle,Morriss,Isabelle Morriss,imorrissrg@comsenz.com,Female,73.224.53.183
990,Noble,Caddick,Noble Caddick,ncaddickrh@mit.edu,Male,166.8.82.12
991,Anya,Bonifacio,Anya Bonifacio,abonifaciori@apache.org,Female,220.94.141.172
992,Vanni,Phillput,Vanni Phillput,vphillputrj@latimes.com,Female,75.32.41.139
993,Benjy,Chimienti,Benjy Chimienti,bchimientirk@github.io,Male,134.182.157.223
994,Davie,Praton,Davie Praton,dpratonrl@e-recht24.de,Male,182.57.50.14
995,Hobie,Stratiff,Hobie Stratiff,hstratiffrm@wikimedia.org,Male,116.73.253.212
996,Jarib,Onge,Jarib Onge,jongern@gov.uk,Male,219.15.1.38
997,Fawne,Berney,Fawne Berney,fberneyro@irs.gov,Female,35.201.250.46
998,Inessa,Corryer,Inessa Corryer,icorryerrp@rambler.ru,Female,109.87.51.11
999,Ivory,Curran,Ivory Curran,icurranrq@aboutads.info,Female,250.111.249.228
1000,Tildy,Gobel,Tildy Gobel,tgobelrr@jiathis.com,Female,139.189.201.59
